0|caf01f7d6c6e6098f5367d7177133cdd|Was sollen wir nur tun?
1|8ec26508fdc34143cfb1abdb43090721|Darf ich die Fee sein?
2|b7f533ae2c2a726f1676613ed183163a|Und welches Baujahr?
3|fd9338593b1a5ec176616b8ebbb90d2c|San Jose
4|0455288e2a3ebf437da69991e7f470a6|Wer die lauteste Hupe hat, hat Vorfahrt.
5|b2be3f90bbc7633c8879e2d7890175ab|Im Brutkasten ist es mollige siebenunddreißig Grad warm.
6|531880ef5b270c972285ee88fac5994d|Dass solche Operationen trotzdem durchgeführt werden, ist beschämend.
7|ebd1d7d442952f024a7188b93ed64f36|Induzieren Neonicotinoide das Bienensterben?
8|1797f5a0ceabd54dd277491ec85a4298|Kommst du aus den Vereinigten Staaten?
9|5150eeae76c4a3c1cee8f5d7f1516f2f|Aus der allgemeinen Gasgleichung ergibt sich, dass die Ladeluft gekühlt werden sollte.
10|4b157e013cb872b1897f1cb90d529cfe|Deshalb ist die Ministerin gerade auf einer Stippvisite in Luzern.
11|dc7e7d487858a1c1033fc13e66a2cde4|Ich weiß nicht, was du von mir willst.
12|0c8131d10ab17a5538104a29f8b47cdd|Schreib dir das hinter die Ohren!
13|6f802e30628659b3897d180523305330|Bei Johann Andreas von Segner.
14|1c4b3ddffbe779358585e71cd05a8f0f|Egal wie laut wir jetzt warnen, hinterher wird es wieder niemand kommen gesehen haben.
15|b597b00c8f22101ea0117d61aa498a8c|Den öffentlichen Personennahverkehr mit Linienbussen betreiben die Verkehrsbetriebe Hamburg-Holstein innerhalb des Hamburger Verkehrsverbundes.
16|8939cc388d0781a12ae9c44ef706aa2d|Der Zeuge ist ein bezahlter Schauspieler.
17|d4ae8523d19e4c8f1c2ea84ce9d721f8|Torben hat doch immer so viel Werkzeug.
18|349dd9b826ff5e540ee1089a25366f5a|Ich habe jetzt meinen Bürgerdialog durchgeführt und habe festgestellt, dass viele Menschen sich ehrenamtlich einbringen.
19|7fa6fcb958ac5b8367a2f0159c70c217|Genau genommen ist dies der Grund, warum Sie diesen Satz gerade vorlesen.
20|fa282f0102fd389c4e81c24aecb5024b|Folklore ist der sichtbare Ausdruck des immateriellen kulturellen Erbes.
21|9e840ab9a0e0794d63a27460a9d4e9c4|Blütenweiß,
22|2e2ba16df7559be42dd398fe44da606c|Es gibt nichts, was es nicht gibt.
23|cfecb275c412be41401f979accdab756|stelle die Helligkeit auf automatisch
24|548c9993e0c7b48805a50b3e6caf7333|Charter mir bitte einen Charterflug.
25|4c5928af121a4d688de903b4b444c9c9|Wieso? Eigentlich war es doch ganz witzig.
26|31c5795e84dc3678229f1d045faaaea9|Es kann mir keiner erzählen, dass das nicht ginge.
27|c1f73d3003b59580e0ddc2c76877adf4|Hirsch heiß ich nicht.
28|191f418c4ca2fdf02ba91d806dc5cb8c|Dies bezogen auf die Gesamtkilometer, dreißig Cent pro gefahrenen Kilometer.
29|bdf9c43a9c201463481b6a486f0eb948|Doch wie gelingt ihm diese Quadratur des Kreises?
30|1de6125a53c630988de9584680342bd2|Oxytocin beschleunigt die Wundheilung.
31|975cd9ab82abc7ad57dee395b792644b|In Scharen strömen die Leute ins Musical.
32|ce8286ffe4a1ba27eb230ce50495533c|Wissensdatenbank zurücksetzen
33|761f3ec0bdedadaadff3aa55302d5dbc|Um die Wichtigkeit der Länge zu betonen, sprechen manche auch von einer Passphrase.
34|9b677d80b95c8aa0c14170802e031eb4|Vier Stunden Autofahrt am Stück sind nichts für Leute mit Blasenschwäche.
35|e7b18d26a4818a2c76ed3533c111eef4|Die Hände auf den Rücken!
36|1b11c3918c618a2822bc28a3a1c1e4c8|automatisch
37|c8571fbe0c52d0edbb2602e42b0cc082|Willkommen in der Europäischen Union!
38|39869af00b9f52c93e06d717f696ff12|sprich
39|5d7cee2adb1c88c5baabe517e9cb28f1|Können Tausendfüßler rückwärts laufen?
40|84dc5a6bdaf267f6fc2a358a9cc5bc12|Mit sechs Gigabyte Speicher ist die Grafikkarte gut bestückt.
41|575cd7f3a76605708a160eab74a5c99d|Eigentlich geht es mich nichts an.
42|58907f60f8f22359c2acb3ab35d232c4|Und was machst du sonst so?
43|a4741200533f192daed2238808e7b9a0|Nicht schon wieder, bitte.
44|dbb2f242ae206a54823d40ab956dc27a|Nächstes Mal vielleicht.
45|2e6261ee0dba9f15e7973dc1b8a7788d|Sie klimpert ein wenig mit den Wimpern und schon bekommt sie, was sie will.
46|58d873855cf0e3bd0240955795e2ece3|Erinnerung gesetzt für Donnerstag um dreizehn Uhr
47|3b55f70bbb2842fcd07b21eb22f43cc3|Ich wette mit dir um zehn Riesen, dass er ihn entthronen wird!
48|5ac37273ff78d9bc05ef00d1328b829a|Binnen weniger Monate hatte man ein ganzes Volk ausradiert.
49|496de4be7fc89041f02eec2c03949cdd|Wie viele Leute übernehmen die Meinung anderer und glauben dann, es sei ihre eigene?
50|11fcc7e3c2365bab021aee8aa2439459|Also ich habe was dabei.
51|7cc830c3761a67eb8f0e11f0304e0ead|Im Handschuhfach müsste ein Eiskratzer liegen.
52|98147c96f337b109d3474ff9aedf2f91|Kleine Aufmerksamkeiten können der Schlüssel zum großen Glück sein.
53|8f3a5733e8e9b2367aea349440f48973|Am Straßenrand parken ein Mini und ein Sprinter.
54|39bd8c15f86e87a20dd4015ac3c80a4f|Einen Moment noch, der Kollege ist gleich da!
55|694d08465b2e500990acd6086e4ff91f|Mattermost ungelesen: sieben Erwähnungen: drei
56|a8496831be4544e670b38ddb9bc336f1|Als verwitweter Mann heiratete Aladin schließlich seine Jugendliebe Ursula.
57|0e340d0447c600af2417a2c8be66e7f6|Wie oft denn noch?
58|cd294e7161cc58b03b1f02eeb828acf5|Was verbrennen die Nachbarn da schon wieder im Ofen?
59|48a84bbc75bdfe676e161fbd8ad9acda|Wie blöd muss man sein?
60|cd8fe4ee06740746b94092859633c284|Das Katz-und-Maus-Spiel der Cracker und Kopierschutzentwickler geht in die nächste Runde.
61|fa67b96ac8e655beb8495e71c58f63df|Wenigstens bietet die Holzhütte etwas Windschutz.
62|014191f036332cd0422a44000b54bab2|Schnaufend setzt sich die Lokomotive in Bewegung.
63|d66efe1cfc7599761bd5e0fcfbad10e4|Kein Volk isst so viele Zerealien wie die Briten.
64|7917fcdbee9221418b3bd001552fcd7e|Wie muss man einen Browser benutzen, damit er sich langsam anfühlt?
65|03135c53e0a874d6b1d7bbc912e18bf8|Die meisten Menschen haben noch nie Schnee gesehen.
66|67b3f541f9e45f149a1596c33f0fd420|Deshalb können wir das den Ländern jetzt nicht direkt vorschreiben, sondern wir können nur sagen: Guckt, wir haben hier eine Verantwortung übernommen, wir sind hilfreich.
67|b7500bfae0246f0c5a951a5b90c9bec7|Was Zusammenhalt heißt, muss man den Heranwachsenden dort nicht erklären.
68|1ecfd752d5f78ac63e16798e50d8c98f|Das Labor konnte im Blut keine Antikörper nachweisen.
69|4401414587d5927acc644ad2c9c9e6e9|Frau Kröger hat es noch nicht geschnallt.
70|cad19f2bf27df9c83e8c10e37f590d22|Die Abkürzung führt über einen Feldweg.
71|f964c97c2ea3e216202ecd1240617db0|Wegen des Unterdrucks lässt sich das Marmeladenglas nur schwer öffnen.
72|fd566e7c0310b0ca0bf3ddc074e1cf78|Ja, es ist eine Funkuhr.
73|f42c3671be8a25abb279ef51e0697095|Nach zwei Flaschen ist Ende im Gelände.
74|c12b52e72b8c6bb496d259228a314501|Aber diesmal lässt du den Müll anderer Leute bitte auf der Straße liegen.
75|28f4caaf378a2b259b1cb09aac974eef|Na dann, Hals- und Beinbruch!
76|4eac880762f95ae6cf5c7410b48fade1|Der Fisch stinkt vom Kopfe her.
77|c9a2b165a31f860b5bdcb13732fbf91c|Mein Gemüsebeet ist kein Besucherparkplatz!
78|071149d0724f4eb1fb74230898427633|Es kommt sehr auf das Elternhaus an.
79|e414cd7a368dc55ece2dab644626c195|Eine investigative Journalistin versucht seit Tagen, ihn zu kontaktieren.
80|1d58dd75f70a3fab58a443dafc14dbda|Immer weiter geradeaus!
81|6996ad61ceebd030f484f8064a6e6747|Der Ball treibt ab und der Junge schwimmt hinterher.
82|477951cbe0dbdcae7359f6585c229da8|Redet der immer so geschwollen?
83|eecb7d7b541924ce9d4e1699eee5a761|Eine Krähe hackt der anderen kein Auge aus.
84|591c76a4a9d1019fd51c11c1329a37cc|Sogar noch besser als vorgestern.
85|61dbce43fe712dc9fd929819e25815ed|Tja, und einige Menschen können nicht mal mit den Ohren wackeln.
86|8a189e32417abe05d8f47edecbbe7d98|Agent vierzehn hat die Wanze erfolgreich platziert.
87|d754b608f0020fddcc2fcf5ae3b75ea0|Nur die Stärksten überleben.
88|3ca1c2c82708dfb4874ecb1bafdcf500|Die Klägerin klagte dann sogleich.
89|3d5d6213a352d79642ae5ad84d3710a5|Die Entwicklung hat rasant Fahrt aufgenommen.
90|24992f9f8b8f8fd7b6614f46a36791f9|Auf diesen Aspekt wiesen unter anderem viele Kleindichtungen hin, darunter insbesondere fingierte Grabschriften Alexanders.
91|ca2520521d0529f13ac387bb51dadd9d|Aus! Hasso Aus! Pfui!
92|44c0c386b4528af3d698f899c837a88a|Weil die Lichtschranke Radachsen zählt, fällt ein abgekoppelter Waggon auf.
93|3f9266c7371405abad8c82a1d9ee64d1|Auch die spanischsprachige Weltbevölkerung hat bisher kaum etwas geleistet.
94|38213184c35afc4ec47b98246a7294d5|Brustschwimmen ist langsamer als Kraulen.
95|13a1dfa4915cb9a04aa30abe345939a0|Was hat ihn geritten?
96|b8ec74412b784eb1695fe68b6cb598be|Aus der Schule hört man nur Negatives.
97|e1b1bb5bd0fb687bc3ae095753925efa|Semantisch war dies korrekt, jedoch nicht grammatikalisch.
98|f4ddf759724d2ba81bdc712b5a944891|Wie gut, dass es Madagaskar gibt!
99|60e95ef866429d1e0ce75ccc0ede6284|Nun hat sich der EU-Erweiterungsprozess als ein wichtiges Instrument erwiesen, um Stabilität zu fördern und Reformen anzustoßen.
100|8682f722231763e00a08048adc1e8a59|Immer neue Bedrohungen aus dem All halten die Welt in Atem.
101|9711cc3f5121a115d36cd5da74ef16f0|Zwölf Jahre lang musste Jan-Heinrich in Gera die Schulbank drücken.
102|cb1cc06da345577f1fb760e0c796e5b1|Wie wird das Wetter morgen auf Insel Usedom?
103|eed44cb9f85ed61136cf3bd825375769|Entscheide
104|880bd5bda232296fc7857982cc71f69a|A V Musik suche nach dem Lied
105|708c4265efa2608d6d90a556555af3c9|Wahrscheinlich hat er sich deswegen den ganzen Tag nicht blicken lassen.
106|bbe5eb3560096f17f59aeb7720662ffe|Die Erzeugung eines psychischen Widerhalls im Hörer durch atonale Musik täusche Sinnhaftigkeit nur vor.
107|25416e663b43d5c589ba773e572e8eec|Man möchte damit Korruption verhindern.
108|f2bab3e7d44db622902217ce89100f09|Ich würde euch so gerne schreiben, weshalb ich euren Beiträgen einen Daumen runter gebe!
109|d9b981b8fa75ad965c95077ab8e7f3cd|Wirklich gezwungen wird man ja meistens nicht.
110|db58e4eee763633c570483942df03348|Das Vergnügen ist ganz meinerseits.
111|e04e7dedd03436ad68542394751e675e|Alle vier Fälle tragen die gleiche Handschrift.
112|38f685de799bbcd781bd28ed95e3cf27|Tanzen ist Ausdruck der Gefühle.
113|7f9348af2e5470a2460b2f1777598099|Bis heute nagt an ihm, dass er seine wahren Absichten damals nicht erkannt hat.
114|c5f4371f5abaa70e5cf4cd37117a6e1b|Freischaffender Überlebenskünstler ist kein anerkannter Beruf.
115|544d2bf3e46573aece3a605e75f840ed|Ja danke, es geht ihm wieder viel besser.
116|0147903707afedb93a45589b033eabd8|Daran krankt das System.
117|5dc044205aa2b88f7e97696582691861|Immer geht es um Macht und Vorherschaft oder natürlich Rohstoffe.
118|e20f6cd46fc46018770c6dcb76aa1488|In allem, was klassische Musik angeht, spielte Italien früher die erste Geige.
119|31d5937c9f86ccb70969bffdf37c2e0f|Wir sind sehr stolz darauf, dass diese Projekte durch- und umgesetzt werden können und damit gezeigt wird, dass Deutschland sich seiner kulturellen Tradition bewusst ist.
120|2582f109c71cd264c31b5a7d35ab0fa1|War wohl doch nichts Ernstes.
121|bcda2cff80559b7947f1689fcda25710|Das muss hart für dich sein.
122|322c7dbd0e1538b53194b00198af4072|Bevor Sie mich auf die Bühne schicken, müssen Sie mich wenigstens kurz briefen.
123|1ca69f575690ebe924bba02f3f23272f|Bring doch mal den Müll raus!
124|dc2862f704bfe3f6bcb64e006d76c002|Der Rettungsdienst kümmerte sich um die Verletzten, während die Polizei die Personalien aufnahm.
125|e406154e298b49ea3b6f649a397a556d|Bringen Sie den alten Perso oder notfalls die Geburtsurkunde mit!
126|028a99f4208a9e92f91528450d387b3f|Und wenn du es auf links drehst?
127|c9b36b35a0cddb83fa5df8bb0c4e9083|Nachdenklich zog er an seiner Pfeife.
128|8d90d39b7259a85d2725814898ef9706|Außerdem gibt es in der Regel nur einen einzigen Sprecher für alle Stimmen.
129|16f3eb8c5483616063911cb356ac8d24|Ich denke, hier muss das Deutsch-Französische Jugendwerk auch noch lernen: Was muss man genau machen, um diese Jugendlichen anzusprechen?
130|aa9cf46c0df37a097a24af2a8a6e83ad|Die Uhr ist voller Sand.
131|bc2ad26d17959201f09bf9536289c94d|Hooligans erschweren die Anreise der Gastmannschaft und ihrer Fans.
132|e3beca26f30b61cbdd32671b1a6a4c75|Gemüse kann ich viel kochen, das muss ich immer selbst essen.
133|6ab5f145a0569855b34de59139998b45|Dabei wurden mitnichten nur Schmuddelfilme verliehen.
134|f25b1c217186e1dc591af4e048f853ff|Aus seiner Arbeitstasche holte der Pole einen Bunsenbrenner.
135|7728bae768628ba0265f5bdfdc5ceae6|In unserem Team fehlt noch ein Mechaniker.
136|2d9ecac238150ce0423c43f59c947cd7|Es ist eben nicht genau derselbe Traum.
137|ff4e1d98c8a74b9897780ad05c2c9d26|Ich brauche ein Zitat von Henry Ford
138|5e69fe0157743d784b8608441e027be9|Zum Beispiel erledigt Frau Wiebe Einkäufe für ihren kranken Nachbarn.
139|cd62e343d713d86833d4d02cf12f00c0|Hilfe ein Überfall!
140|7466dbbc051aa71b5a9faf7d11539bb3|Ich erstelle einen neuen Alarm für vier uhr vierunfvierzig, richtig?
141|c2e09a2cdcc061529effd9fab4a263e8|Warum kommen Sie denn auch ausgerechnet in der Mittagspause?
142|14e0fbf4e985082a548e4f01bff7e147|Die Wiese erblüht in ihrer ganzen Pracht.
143|a46220bfd97dbd987f61f57f3cf3a2b0|Ein Besen ohne Borsten ist nutzlos.
144|88fb2e2acd391075656121969a2f6d5e|Ich kann wie gesagt nur wiederholen: Die Verfassung bietet die Grundlage, auf der die politischen Parteien tätig sein können.
145|beb528e7bba724301b1442a53c336147|Setze Katzenfutter auf die Einkaufsliste!
146|23eca8c9daa3e5dea004fab1994b87c8|Was versucht die Dame eigentlich mit ihrer Schminke zu kaschieren?
147|b97962bcae89414352843b3ffdc689c6|Ich mag den verbrannten Pfannkuchen nicht essen.
148|8ec60c80a1b7ddaef6edffeec38aa3aa|Bei Föhn kann man bis zu den Alpen sehen.
149|5eeb0a058a41efc6a7c8139b159f3bf1|Als Kind hatte Marita große Träume.
150|a33f28ca2c38c84bbdf13c4177a8c739|Ich habe keinen Skill namens reminder gefunden.
151|4d076af4f9778ef6d94ee467a77fa641|Dein nächster Alarm ist um acht, in sieben Stunden ab jetzt
152|4ded4e9e3ae80536e15a6619694e2a5a|Um mit anderen zu zocken, braucht man heutzutage nicht einmal mehr grundlegende Netzwerkkenntnisse.
153|367d69227b71c1dc508ecfc5bbb3b3bb|Habt ihr die Explosion gesehen?
154|c354569e7161057fa22ccd964aba9342|Färbt das nicht ab?
155|501cc6d25a6770489b18912492a3a553|Sag bloß!
156|42b62410aa8a2ce0f97fe83da6deec31|Wir haben die Szene in einem Kurzvideo für Sie nachgestellt.
157|2f98c20111ff2c06e1bfec33133a715c|Ganz ehrlich, ich möchte nicht in ihrer Haut stecken.
158|90f7b7e35adb1e545f2c62f0fd9b1cbe|Schon mal versucht, in einem Smart die Füße hochzulegen?
159|227d0de11ed2f1d50b9d38a3c11f27a5|Frauen sind zu schwach vertreten.
160|ad44f633e9c7da63f7a51a4b2b9b4dcb|Andere versuchen dem Meeressäuger zu helfen.
161|8b6a010d70b5102393971399a40871fa|Dieses tägliche Geplärre würde ich nicht ertragen.
162|ac9c3c03dd2068ba0c30784d519b50ab|Überlegt euch mal, was wir hier gerade für ein Bild abliefern!
163|a814628c38f45ad8249bcdfc99510f0d|Alle fangen einen Fisch. Nur die Lotta fängt einen Otter.
164|1328a24b7326b34297bc525635965202|Sonntags belästigt man seine Nachbarn nicht mit Lärm.
165|cd6c74379866b13f3f39f154e10092e8|Auch auf Bauernhöfen ist das Internet angekommen.
166|07b29f73cd3d1343c44b754e099f823b|Beilagen sind manchmal ungenießbar.
167|21e043e54bd78bd4d669186703d1df86|Wie gut, dass ich nie etwas wegwerfe!
168|1f32d2c1b49b9b0c9d99bd10da107e41|Radio
169|82fcb2a0916a11ca2a0be33e7020818d|Ich stehe auf Menschen in Uniform.
170|f628dca4ecb28496b00bc0a7b1979948|Warum bietet man solchen Spinnern so viel Bildfläche?
171|0bde3c82b6d97049b887ce46adb1a513|Bloß davon läuft die Zeit halt auch nicht rückwärts.
172|34c7692223011b6153e27ae82ec1a7ae|Allergiker sollten einen Staubsauger mit Filter nehmen.
173|2380da2c34f4ed8c9a102eff3241f12b|Gotje pflückt Beeren.
174|b14faa0a2f74b0509ff05e15420049ae|mir geht es sehr gut
175|b82cf5896227b423cb4ef77b788d54ac|Natürlich trägt dazu einerseits die gute wirtschaftliche Lage bei, andererseits aber auch das niedrige Zinsniveau.
176|b4f527529ea88827c77e2977b683300e|Der Zivildienst und jetzt auch der freiwillige soziale Dienst haben hier sicherlich schon vieles verändert und auch Türen geöffnet, aber hier müssen wir auch weitermachen.
177|d0f7e51f3dfe70c77f59793249b21b64|Juhu, Papa ist schon zu Hause!
178|fc39f4db4e2c58ac965f5dbb9b71adea|Hände hoch!
179|a61d70cddedc34f370084e52a56fa843|Auf beiden Erdhalbkugeln weht der Wind meistens von Westen.
180|ddac3b56f4296fc9b698a0053ac0d18e|Wir werden alles daran setzen, dass auch bei sinkender Wirtschaftskraft durch die Krise Arbeitnehmerinnen und Arbeitnehmer möglichst viel Sicherheit für ihren Arbeitsplatz haben.
181|ae30d8ab9e6c4b99d4ff063a737a7785|Der Veranstalter der Regatta hat sich weiß Gott nicht lumpen lassen.
182|5afb003612f75299a290ebb9ed088d73|Ich hoffe, ich konnte durch die Spende meiner Stimme einen wertvollen Beitrag für die Community leisten: Thorsten Ende.
183|ff9861f0877f275b2da4faee2ccb28d6|Dank der Alarmanlage mit App-Steuerung steht das Haus effektiv offen wie ein Scheunentor.
184|93d0bfe3f68a60c1d779e137c1b9d96a|Zur Sicherheit gehe ich nur noch mit Schwimmflügeln in die Badewanne.
185|4c08a37981c9486cda7da5082258dbf8|Was ist das nur für ein Ding?
186|626385bd272e0c6bfea4893bafeb2eb1|Längst hat Sabine an ihrem neuen Wohnort Wurzeln geschlagen.
187|94d160bb7bb0b9563ba67fed32eba0a0|Dem ersten Informanten ist die Sache zu heiß geworden.
188|794641382385ca0e03728dbf2960e592|Druck wird in bar, Pascal oder Newton je Quadratmeter angegeben.
189|572bae5a95c509b6bb865e8c004f3abb|Durch gezielte Bremseingriffe versucht das System, das Fahrwerk zu stabilisieren.
190|fdee48c6661f4bc466f0b216b47c0f99|Die planlose Frau wollte nachsehen und öffnete die Dose.
191|e0dd9f59e5ac9d56785e6f0424ef8587|Freiwillige vor!
192|6eb2c0b7c4f4e5b68514cc2a0f2953f5|Einen Direktflug nach Puerto Rico werdet ihr wohl nicht finden.
193|defb1120b22c922220a59fc96faaa341|An meiner Krönung kämpfte ich gegen meinen Vater.
194|2cc93ae3c43a5b70b410b87773c244f1|Vor dem Gesetz sind alle gleich, aber manche sind gleicher als andere.
195|f6e3d038c65b4f941d8268fcf8dce94f|Unfassbar, was sich die jungen Leute für Begriffe ausdenken!
196|5f891ccd2c54484d2e14d87320eb25c8|Für das Versicherungsgeschäft wurde zusammen mit der Sparkasse Gießen die Tochtergesellschaft „S-Versicherungsservice Mittelhessen“ gegründet.
197|d27f3956e519f1f98a1a48091f62ec18|Danach blitzen alle Leuchten in schneller Abfolge noch mal auf.
198|52ec0ba434c322fa87f657df4e05ec16|Das ist unfair, so mit mir umzugehen.
199|d4c69895aaa00d6b37637f29b1b8eb1a|azurblau
200|8805d7071d4503981b9570d465892ee4|Den Schlachtruf der isländischen Fans kennt mittlerweile jeder.
201|fed594f639ea26b8f2a8b9685c83ae55|Ich würde sie am Universitätsplatz vermuten.
202|7b08794b3e1ad373ea566a4af985ebf6|Das Konzept eines Kamillenrasens spricht mich sehr an.
203|bb78b6913fbd11bc7d5eac4aed43095f|Entschuldige, habe ich dich aus dem Konzept gebracht?
204|dd7a2a93d75500921d0183d8f306d741|Als Bundeskanzlerin konnten Sie ja bereits an vielen sportlichen Großereignissen teilnehmen, beispielsweise der Fußball-Weltmeisterschaft.
205|eab96c87232fa456c5174fdccf2d8248|Vor telefonierenden Muttis im Geländewagen habe ich Angst.
206|5d115539ddca5fd94fe9cbb191ef22c1|Hat er nicht gesagt.
207|3eb0a4dabf2684da3b77ec77dc9e4fb6|Ich habe nachgedacht.
208|c1b025ccbc14cba89c73bd9173881632|Auf dem Land helfen Nachbarn sich gegenseitig.
209|5ae563b4106a9b7d7bceb6ef2cb9cde9|In einer Minute schafft er zehn Stockwerke.
210|3f735cf50b5494c5ce676060aed01954|Ausgerechnet an der Stelle ist offenbar der Kameramann eingeschlafen.
211|091e7533f2d50e2ba23f481c1b61ac7a|Herr Winter zeigte für seine Arbeit Verständnis.
212|b04ca4b6101bfa90235d3f2b9c3b2276|Keine Religion verbietet einem, Fisch zu essen.
213|ba2554f4c8082647a9b467b521fb83a5|Lass mich bloß in Ruhe!
214|be5c6c78f241f52a56e525928e767c52|Statt einer Münze geht auch so ein Chip für den Einkaufswagen.
215|759ed55c8a0d87910d477d18df51820c|Wer von euch kann gut Spuren lesen?
216|e3c071328041e5b3b779d7aef394988b|Ich muss das gleich mal recherchieren.
217|eaf718717e22187caabd1d9470539bf4|Immerhin geht es um die Thronfolge!
218|86126520d4b99f72631204e5f51afa52|In dieser Hinsicht stellt unser Planet eine Ausnahme dar.
219|44d9838cd5ad94cdc93602526d90802c|Wo habe ich schon wieder meinen Schlüssel gelassen?
220|d03515c4b6ffffe252323c77dc183e1e|Als einfachste Kämpfer besitzen sie nur eine Streitaxt.
221|0eadcfd81b40b42e946fe7cedb2e6d71|Die Kontrahenten schenken sich gegenseitig nichts.
222|5cc46c7cc8ec6019259a723a256bb683|Bug oder Feature?
223|3f45a26f686e4f1c99b07a587c755388|Deswegen appelliere ich an Sie alle, den Maßnahmen gegen Preiswucher zuzustimmen.
224|715dc31995dd8ccc4e099d2c57df062c|Warum baut Lübeck keine S-Bahn?
225|12e0c04b5f2c13b51f33abc2e9b69e74|In der Lindenstraße wurde ein neuer Penny eröffnet.
226|4bb96e85150eadc89bb48b95a35419bd|Ich vertrete hier meine Meinung. Deine musst du dir selbst bilden.
227|d2006a575ff6c47248deab6acbd4abe4|Starke Inflation führt zu Hamsterkäufen.
228|38fcd5a8eb7af46eb7a3ed5237dd58a6|Kleinkinder kann man mit dem Fernseher regelrecht hypnotisieren.
229|f5a45cc5c9dbb88ea6f41defffb37fc8|Der internationale Gerichtshof hat seinen Sitz in Den Haag.
230|d07e39548ea331aed3c68aa12521161c|Sie braucht den Kies.
231|793c500b3e7b082cf3fad70c3f2d6e5e|Vom System unterdrückte junge Fräulein warfen dem Machthaber Handküsse zu.
232|06fb36d14689e716b86c81c9cfca7b17|Wissen Sie eigentlich, was genau den Hirntod ausmacht?
233|2d6d6917ca703554609ef33bfd89b226|Ich werde persönlich alles tun und die ganze Bundesregierung und jeder verantwortliche Politiker , dass der Antisemitismus in unserem Land keine Chance hat.
234|0f51311de87ad56b04660bb40301ab47|Warum gibt man die Fläche nicht in Fußballfeldern an?
235|9e446d82bd1879db0631f2aa1b0beb59|Gefunden wurde eine Antikorrelation von Bewölkung und spektralen Signaturen von Wasser in diesen Atmosphären.
236|4cff8ab73f31151ba3804cdb3813b02c|Fehlt sonst noch irgendetwas?
237|8cb85cd3251ea66f595199d89f79ed87|Das kann man sich ruhig mal gönnen.
238|48d4b8b3025dd1d779d213e2eb813e4d|Eine ziemlich wertvolle sogar.
239|b7b259d2eeac63a726095f2496844041|Kannst du mir für diesen Sessel noch einen Stoffbezug nähen?
240|b72181ced4135c47a9a53999bfb2a080|Was solls, ich bin bereit.
241|b0e326bfaf33700dcf93552d72ebb0f3|Puh, die ist aber grell geschminkt. Na ja, wem´s gefällt.
242|5bfce09d069fae8b266def7a2f356c3e|Einige Bewohner Oberösterreichs stellen sich auf die Hinterbeine.
243|c76c576f532663040a038b0c67091d36|Läuft die Sache mit Zymny noch?
244|07c46f33410fe886b82831b1469a245b|Die Höhe des Abhängigkeitsbaums darf seine Breite nicht wesentlich überschreiten.
245|2086db5d029e983c43670a899dd60dcf|Nun ja, das sieht mir doch sehr nach Machtwechsel aus.
246|ade75bd4489019a47e542c633bc9555a|Macht beides, Inhaltsverschlüsselung und Datenverschlüsselung, dann seit ihr auf der sicheren Seite.
247|90515079dc5403635edc909a2eee65d1|Wenn man das Lied rückwärts hört, hört man eine versteckte Botschaft.
248|29c3ab7832c5753292c3bdc4037214f0|Bestell den Banditen einen schönen Gruß von mir!
249|af7845f78b855ed8c3025f9045dcacc9|alles auswählen
250|057253732e6a8965b8eac4a925195825|Heidelinde hat den Kram abgenickt.
251|77b7262db7bc8bbab14680fa2b797b05|Müsst ihr euch immer zanken?
252|0d19a1a652768ac65e4c2e6ab30b5a0d|Zugriff!
253|5f2e6708c1aaa6a5d3cdffd96b7c3e73|Wir wissen auch von den ganzen Mikrokredit-Vergaben, dass sie gerade, wenn man sie den Frauen gibt, zu großen Erfolgen geführt haben; auch was die Hilfe zur Selbsthilfe anbelangt.
254|e58e9119001166030339ae9a734a57c6|Für Fred würde ich meine Hand ins Feuer legen.
255|44f211ec8200e5bfc7c0279a85adc33c|Faulheit oder Erziehungsfehler kommen gar nicht infrage.
256|348a16f9b3d59bab6c754ebcbbd3497c|Konfiguration konnte nicht abgerufen werden, Gerät ist nicht gekoppelt.
257|8456f9e2e0bf10f9f5f151945283ce53|Lass uns nach San Francisco trampen!
258|e50a797523bcd98a8fbcf8b785f787e0|Wie nennt man eine Alleinerziehende an einem Kletterseil ohne Sicherungspartner?
259|044fe9252023f1d7b8898a769043d4bb|Der Ausstieg befindet sich in Fahrtrichtung links.
260|9844c6b812934079a1ca7d3fdaf9ac1c|Erstens nutzen viele ja auch über ihre Smartphones die Möglichkeit, dann auch soziale Netzwerke mit dem, was sie hier sehen und erleben, zu bestücken und Beiträge zu machen.
261|b8fe11987ecf18a2a71f30d96b51b3bf|Zur Not geht auch Emmentaler.
262|bebc516423a218aad2baf945acf13077|Warum sprichst du nicht mit ihr darüber?
263|74306568ba00dd7943441241640764b4|Mein Toaster hat mehr Gefühle als Herr Reuter!
264|68754a387f61c219dd2e1e3662eb5efd|Zu niedrig
265|486a259fa34a36b484cb9684177338fa|Nein, ich bügle nicht, das finde ich gänzlich unnötig.
266|cf0315b116cd860d1f7292ecd5175c93|Welche Halbwahrheiten meinst du?
267|dfde01729f70d719f244781a01262918|Natürlich hält jeder sich für eine Ausnahme.
268|7e2333403340f0769ccc234341650f03|Moment, ich muss mal kurz Beatrix Hallo sagen.
269|cb07c09e6ab278e099d3672969d5397a|Zuvor müssen wir ihn fesseln und knebeln.
270|d43599580d2341cf2e7729c85874c5bd|Die Reparatur schlägt mit über tausend Euro zu Buche.
271|c29d3166d469d161e03888ce002ae1ac|Packen wir's!
272|a8fd6ae0869696c76bd8323a53dacc8d|dunkles Schieferblau
273|0f31691b09e88b6a33af014a1852e7be|Ich sehe kein Leerzeichen.
274|5580bc319560507807b1652be1602059|Einen Versuch ist es wert.
275|7c65f01b8853693b38f1b16d326ad2de|Welche Deskriptoren fallen Ihnen ein?
276|c23ad68c015e44d2db95b38f420bd1f7|Erstmals seit der Wiedervereinigung ist ein ausgeglichener Haushalt nicht mehr irgendein Wunschtraum; nein, er ist tatsächlich in Reichweite.
277|42fe72cbfcaf7e57fc530499104f6a04|Donauwelle heißt mancherorts auch Schneewittchenkuchen.
278|f44664c21a56e837ff2999b3af8a5deb|Ein defekter Hydrant hat die Straße unter Wasser gesetzt.
279|9e5c19be4c789d5b6c7f783b28fd8b11|Alle Funknetzwerke anzeigen!
280|96b7b2cb22714ed13102ca517061958c|Das ist schlecht fürs Geschäft.
281|53fde15d13c9aa46ae6df1df1cf8ec48|Antifaschismus heißt doch nur, dass man gegen Nazis ist.
282|8ffc04e30828854df36c8bd686232fc9|Etwas muss vorgefallen sein.
283|da55b19eec0d3ac60c259f85fa5a2c14|Ist Zartbitter-Schokolade gesünder als Vollmilch?
284|b432e4e4e4c7061e5ba8caac9de28c64|Einer noch!
285|5d6d9d70876529292c0d0f90f47add90|Korken oder Schraubverschluss?
286|b5d7ad59bcc8252a63bfd2f36cf08d24|Ungeduldig trommelt der Förster mit den Fingern auf dem Tisch.
287|2d8662615198af1f8e734f80c4a5bf3d|"Der führende Minister wurde in der Verfassungswirklichkeit """"Präsident des Gesamt-Reichsministeriums"""" oder ""Reichsministerpräsident"" genannt."
288|35a8c6ce465aca9999bcf9292be8d86a|Der W-Lan-Router, das Modem oder der Telefonserver?
289|2279c04bab79c0e2314fcc1db1491965|Da kommen wir dann ganz schnell zum Back-up.
290|65addb6ac0943dcdf817a9bcfa6f776c|Was macht dieses Porzellan wertvoller als anderes?
291|40713f0ea6ef6c76b120d14db84d2b57|Spätestens ab einhundertzweiundneunzig Kilobit pro Sekunde kann man das Ergebnis als transparent bezeichnen.
292|732627aa10b1c19c166f75e825df3e56|Die Geheimnummer muss erst freigerubbelt werden.
293|62be29ac9949409f4689b0c39bc96abd|Im Prinzip so wie beim Speed-Dating.
294|a5671fb02fdcea88a40acd9c57512512|Darf ich mit dem Buggy fahren?
295|c41b55447187b9898b1bb9e9117d4dee|Kannst du bitte das Licht anlassen?
296|fe08fd02e1a7b581f98f0a951e1d7c5b|Wir haben jetzt mal eine Liste zusammengestellt.
297|5dc17c925bf9f9c227a63055ac4a5bf6|Allerdings gibt es schon einige Anhaltspunkte.
298|756365337643e770a6bce2fd4d8c916b|Der Rechtsweg ist ausgeschlossen.
299|c56120946bbd9610e898a3ee07816709|Beim Zoll arbeiten hauptsächlich nur Bundesbeamte im mittleren, gehobenen oder höheren Dienst.
300|e5d2c83b4d0ae9771f9858aac5da234a|Dafür erntete sie viel Applaus.
301|4f885ecbaeb43ddeff7e7bc290b18904|windig
302|f7985c5bab13982bfdc6632e3cf6f9c8|Nenne mir die Helligkeit für mein Gesicht in Prozent oder als Stufe
303|a386d9a4f6d83732f0c29942584e57bd|Es ist ja aufwendiger von der Hardware her.
304|58704e625b595637f179914ac08cf9c5|Es geschah in einem kleinen Waldstück am Stadtrand.
305|409af76918f8f166ba0c17df907c07c2|Nur für einen Tag.
306|410b872ed14b77dba5420e1fb33c4ecf|Es ist eine vetrackte Situation.
307|2216233df8b4f81f5940c668e9104c85|Das deutet darauf hin, dass die Nerven blank liegen.
308|564aa908012edee2a6cc0362d6d09d55|Auffällig viele unserer Nutzer haben angegeben, aus Afghanistan zu kommen.
309|60ba7647a9a9e545e5b324d85884369c|Und das bedeutet, dass wir zwar eine Trennung von Kirche und Staat haben, aber nicht eine vollständige Trennung, wie wir sie zum Beispiel in Frankreich durch den Laizismus haben.
310|a111a596e0e02e428bcc300ba7095e2b|Die Politik ihrerseits muss und sie wird ihren Teil dazu beitragen, damit diese Stärken unseres Landes weiter gestärkt werden.
311|9ff2f8dc627866d99b1a550ddd026344|Diese Unkenntlichmachung soll doch wohl ein Witz sein.
312|c017f3b9c57ba0f9ac007bf9c08d89f0|Wir geben dir zwar Rückhalt, aber keinen Freibrief, andere so zu bedrängen.
313|6c9232b97a816b653a2d0d1856885efb|Bewegt man den unterkühlten Patienten zu schnell, kann das den Bergungstod zur Folge haben.
314|a49e4f6bcbff4ca3a0b617148257f2f0|Hier, fang!
315|46273a003d80211e01f5538524803c48|Kommt noch etwas dazu?
316|307c91f3f6b766767bb0da0a82bd1820|Bewahren Sie Medikamente stets für Kinder unerreichbar auf.
317|6d507e734c9bc93ebaa2a9a4f4bad3e8|Wer nicht kräftig rudert, muss nachher das Deck schrubben.
318|10ce11efbac9ee7df3599edbe889d78f|Habe ich irgendwelche neuen E-Mails?
319|c1b98c43578ac75df908a77cbc38adb6|Überprüfe noch mal, ob alle Schrauben richtig festgezogen sind.
320|f446133b3ef3b3bb493b916cc95a360e|Mitunter werden einzelne Wörter ersetzt oder bei Neuerscheinungen ohne eigene Übersetzung übernommen.
321|e38a25db99120adaadf9e7c5463422d9|Bei Muskeln ist es genau umgekehrt.
322|ae4e466a175c5a2d76abd3548a29e58b|Moment, das ging anders.
323|7026584c8727d8de70928774b12fb1a2|Bei dem Kamikaze-Fahrstil ist es ein Wunder, dass er noch am Leben ist.
324|c17e076fb1484b0b6086a40151b5727b|Nun hängt sie vor ihrer Wohnung und kriegt die Haustür nicht auf.
325|62b56fcd0964dd448bee34f9ef96aada|Staatsrat Buchholz wirft seit der Mittagspause mit zerknüllten Akten auf den Papierkorb.
326|66a79b97a2a4709fe9460deab7e5ca05|Wobei Fabian jetzt nicht so auf Heavy Metal steht.
327|1aa4793ee0919a1ce614a2a51104cae1|Herzlichen Glückwunsch zum Geburtstag!
328|781effa3c22082b6cd62160ae486b0ce|Mitunter reagiert das Thermostat recht träge.
329|e3092929dc4926a0486a60f634cfe19b|Der Besuch ist da.
330|799e43ac89da75ecc043b25c1f9cb906|bewege maus zu siebenundreisig und achtunddreißig
331|df035ec58ff453048c30a047aeffc980|Ich hoffe, ich habe keinen eurer Namen falsch geschrieben.
332|c93d4e0ba3bdbaa695c0ef2ed403cea0|Alle müssen heute arbeiten. Nur die Bayern, die dürfen feiern.
333|1cf83bd2d4b79fe31630d9980c4189dd|Soll er doch versuchen, mir die Vorfahrt zu nehmen!
334|f15b2de3f1f125c581327b6125e873ed|Ohne die siebenstellige Prüfungsnummer wird kein Formular entgegengenommen.
335|9ba51734ced032fd8ec25acfb387a23f|Datum
336|846a67a19a177de92aafbc8f51bb72e4|Es wurde so still, dass man eine Stecknadel hätte fallen hören können.
337|8fab5335a656e784f527f1731eb829c7|Einmal zwei halbe Hähnchen, bitte!
338|79a324d6ab44b865fced33f01bc1c1cd|Musst du immer überall herumschnüffeln?
339|eb498c593e44e0697496a35994bcf2c2|Sofort wurden die Wasserpistolen in Beschlag genommen.
340|99e7c9f62121e05a69a50d09029388cf|Es ist ausdrücklich erlaubt, Bande zu spielen.
341|5f17d598bae25278d53f5f01b128e7ff|Jetzt wohne ich im Zabergäu, hier pflanzen sie auch Wein an.
342|dbc6f0091daa81df3b186052fa8227ed|Ein Ziel, das man komplett aufgegeben hat, kann man doch nicht als Kompromiss verkaufen.
343|07f505dd499905016894956bbdd85b41|Bitte nehmen Sie sich die Zeit.
344|fa23e6645970d887bfe51fe3b84314ba|av finde dieses Video
345|a1edf8eabc6f0cb6c639c61a7022ebe8|Ich weiß nicht, was ich tun soll
346|4a51ef81e79ad5de46341b4e5363a130|Ein Loch in der Herzscheidewand soll operativ geschlossen werden.
347|827a80f89c0de2dbcf546fa9256eabb5|Ist doch Jacke wie Hose.
348|cc53c8c6e0b77dcc336d8484646a6552|Wie viele Tassen Kaffee soll ich aufsetzen?
349|ca043f69308b615c0cb6be836e497359|Geh von der Couch, du fauler Hund!
350|f996714c7a582ec8216b19163ee172fd|Es könnte sogar kontraproduktiv sein.
351|8c31ddafa62633180d90e341f5a563ab|Dass Baumann so nett zu dir ist, kann auch andere Gründe haben.
352|21bfa29519fa8d2d22d4b7fa1a90cf4f|Die Auswertung der Beweismittel wird voraussichtlich mehrere Monate andauern.
353|0611eb16dc66690fddfd6788332c87a2|Was soll das denn heißen?
354|611834b2eb11d2badc62a3ffd222befd|Um den Fuhrpark ist es schlecht bestellt.
355|9d9f6fc404b248fe17337d637623696b|Was habt ihr heute erlebt?
356|97d28458089cd9c236a3879ade7c344b|Ja, aber ein Pottwal ist noch mal ein ganz anderes Kaliber.
357|68afc7cae294725b477d81ff2cb7c567|Aber letztlich geht es genau darum: Um Köpfe und um Geld.
358|b21af7239d0856f767c9307a049be112|Er muss, das bleibt auch ohne Fragen, für diesen Fall die Kosten tragen.
359|4699c23bfe3cf6c16bc98ba9b7378328|Der Pinguin verkörpert etwas Lebendes, das Fenster etwas totes.
360|f7682925fc0437c89e1084d337b3e28a|Ja, aber was ist so toll daran?
361|8f42ee194f8418105400151f4658642c|"Also umfahren im Sinne von ""um sie herumfahren""."
362|00a6e03efe8e540f150a3d611826f2b7|Der Vater trägt sein schlafendes Kind im Tragetuch.
363|4c11e8f4e001484d81f3b1d79ba6b71b|Hinter jeder verstecken sich Süßigkeiten, Bildchen oder andere Überraschungen.
364|6ff5dd9c8450a88c63dbd8c909882a90|In den braunen Schrank kommt nur ganz edles Geschirr.
365|7361fd975e773477109807da747def39|Am meisten schockiert die offen demonstrierte Feindseligkeit.
366|bed886a27f977406042a47e06c88f6a6|Ok. Ich habe achtzehn Elemente gefunden.
367|4231fcd1ddaaa4c36d068e341ec83b99|Davor ist man noch in der Probezeit.
368|ff633ae81577742e40587d7c8489eaec|Ein Rumpsteak sollte richtig zubereitet werden.
369|cb9fda88fdeeb136d1d6b9d6b0db4c4c|Aber der Mut ist stärker.
370|03bc216e2a20a099c94f33ced8221850|Wegwerfen wollte er sie aber auch nicht.
371|b376e09911f1418cbb2198bd6b4330f7|Halten Sie bitte Ihre Ausweise bereit.
372|08b999e4fab08d5a56d6d4716322b8c2|Ob es sich um ein qualifiziertes Urteil oder um Spekulation handelt, ist reine Spekulation.
373|fa055ebc307d278c4e7c83e4d320a279|Achtung, die U-Bahn fährt ein!
374|ac51b85f4e53b14235f969092bd4238d|Hereinspaziert, das Tor ist offen!
375|2b0d202fa8b36fa7b01322fa78225358|Dort sieht es aus wie im Auenland, nur dass die Türen nicht rund sind.
376|d4b27ec837ee40d58fa72c13e9035419|Genug schwadroniert!
377|149fcca19b3587a48ad553e6e86b53f6|Sie liegt mit ihren Einschätzungen manchmal richtiger, als sie denkt.
378|97f9ea820dfab87fdd248d6b8b9b0289|Stets heiterte sie mich auf, wenn es besonders stressig war.
379|cd6d012bb1b01ec87ac4f8eec350963d|Gestatten Sie mir dennoch eine Frage!
380|68a5fa63b30de09dd83679ea5f39a9a0|Besonders angenehm daran ist, dass man sich selbst kein bisschen ändern muss.
381|f8e9654dc7bc636e92ecc757be1a4d42|Die Katze sitzt schon wieder am Tisch.
382|5996d47279cacd80e25fd2016cfc9192|Der Zucker soll karamellisieren.
383|2d39da3449435553a675f2b00b5746a6|Niemand ist so leicht zu betrügen, wie man selbst.
384|987bb01dab34f2ee8b64f03ff5382826|lass es uns angehen
385|1185d881a58a04e7218d8892cdf65f01|Bei euch ist sie gut aufgehoben.
386|a8f68e1d2e46ec214636699d9fac4486|Wirfst du dein Handy auch immer gegen die Wand?
387|980383e25785203ea1a172ba1b813fa7|Sie sprachen stundenlang über Gott und die Welt.
388|17e29b21ee7a03cf53967cb34b659446|Dabei würde man sich die Schwangerschaft sparen.
389|04ec3c9a9c0fb5eb1d899bb154e028a1|Protestanten und Katholiken sind gleichermaßen zum Abendmahl eingeladen.
390|ee17e7e6af5544aafdb536502057422a|Gibt es Lebewesen mit einer längeren Kindheit als beim Menschen?
391|9631103a1a443cabe7e89e3095539590|Beim Kochen nervt am meisten das Schnibbeln von Gemüse im Vorfeld.
392|2ac82f733f03590ec68ceb32f652a0a9|Bestimmt weiß niemand, welches Unternehmen gemeint ist.
393|55864d3cbbb95442bd0d35abdd8e1a52|Kannst du Gedanken lesen?
394|8b255b843d056b7624a5a86d13259aba|Du bist auch die Erste, die das geschafft hat.
395|9e3f56162a9c968e554871c3f690d111|Du kannst doch nicht mit siebzig durch die Dreißiger-Zone brettern!
396|f61e0e3e5c61e761aad928923df95cc5|Was hältst du von einer Übergangsgesellschaft?
397|0a797e65959b528725fcfcadf6c99e7a|Sind sie selbstständig oder sind sie Angestellt?
398|7acfaf26a7780a770906133932cb95a9|Sobald ich den ersten Satz gesprochen habe, ist die Aufregung verflogen.
399|13eb2cd71a8f211cf0df2d90df833a7e|Mit dir vergeht die Zeit immer so schnell.
400|ca3a4eccdf0176b658adfeaa10e15fbf|schöne Grüße
401|05c36ecc5bc615e18c3b2fb5f99e8fd9|Humanoide Roboter müssen fortwährend neue Entscheidungen treffen.
402|1f3cd90c95bedd14e8dc878f2fd5cd00|Unter Playboy versteht man nicht den Spieljungen.
403|6758305d4999be701db1fe9890e658f9|Bevor man andere belehrt, sollte man selbst etwas gelernt haben.
404|fd34f901ffff5bfe2190c335b5140403|Für sechs Euro bekommt man bereits eine ganze Spindel.
405|094651b50f7dfc8bee2496b00a74679c|Wenn es jedoch auftritt, sind die Folgen umso verheerender.
406|ae6aa83c93158b932c9a72c88f6f0e0d|Heute waren wir im Klostercafe, da habe ich Leckeres erstanden.
407|ffb008ab5573a3675eb63255a6bd7d30|Eine gute Stunde ist rum.
408|4f5f51e56a1e8fdc13c0a59805f2c2f8|Ich weiß, dass es eigentlich Schraubendreher heißen muss.
409|ff5535a71dc999f0f8a1a086a8b3f491|Angeblich fördert klassische Musik die Fähigkeit, sich zu konzentrieren.
410|8f0b05fde9f84408c95dbb831efe8498|Als Radlerin hat Elena großen Respekt vor sich öffnenden Autotüren.
411|835f83638b33613e76fdd97a52bc44be|Wie nennt man eine geheime Flüssigkeit?
412|372e8d58fa9d6a049262b4e9c7837995|füge hinzu
413|f54e58899b69f92725b2e4f4e4fcd5c0|Das Abkommen kann nur eine Übergangslösung sein.
414|58127cdcbc463267c874cb6596aa4473|Hallo Ariane. Es freut mich, dass dir meine Stimme gefällt.
415|5d12b75cf29cfd720f323167e0bddad3|alle
416|30093afc957b66006f5b9863d60c7fe6|Karamellisierte Speisen sind der Hit!
417|d5c903940f78ecf0538b7718e57994c7|Für Röntgenstrahlen ist der Körper eben nicht gänzlich opak.
418|4726eb4b431027b7ef9280c87ba604d4|Die Erträge sollten den Kommunen vor Ort beim Strukturwandel helfen.
419|53f56f66ac2c57833e815e5ab379a187|Nachricht erneut senden.
420|2bc760de3e780884f1b37ee305ee6327|Mit einem einzigen Kinnhaken setzte er seinen Gegner außer Gefecht.
421|33656fc4d212d81344f9d45db0264c1d|Welch ein fataler Irrtum!
422|9e342f8a7455e2a3d9f5cbc49cec1533|Frau Seidel kann ein Lied davon singen.
423|c0ffb650d6bf85a66c3ba56b1d69321d|Kann man ihr vertrauen?
424|59885d9ea0c96cc8757aaec8cf6b8d95|Anlässlich der Verabschiedung des langjährigen Kollegen Schulte, wurde eine Flasche Sekt kaltgestellt.
425|12d60987635d5a7409bc7504772213be|Und bitte keine Fotos!
426|3ace11789502ca578b1c01b48dc53e58|Es ist unfassbar.
427|c1b9158780c04d48589f81d24bede3a9|Für die Pflege von großen Datenbanken benötigt man solche Tools.
428|12272bbd1fc1816a2d57059cc3824974|Auf der einen Seite erwarten wir von den Flüchtlingen, dass sie unsere Gesetze einhalten, neugierig auf unser Land sind und unsere Werte achten.
429|6db4e46246abb98265a0c9ba716aeec0|Aber unsere Erfahrung ist: Wenn es vor dem Beitritt nicht die Fortschritte gibt, wird es nach dem Beitritt mit Sicherheit nicht einfacher.
430|17580bde14c40d98c7fdf42263d931c1|Im Hühnerstall hat sich der Fuchs so richtig ausgetobt.
431|6324a64a551bd9d8a5cd1abf7e723f0a|tippe auf Sieg
432|01e8454dc9178f2609e709bad482f707|Irgendwo im Asteroidengürtel ist die Lieferung verloren gegangen.
433|8e129cf10128f320a25ab71975057302|Die Fahrzeuginsassen sind unversehrt.
434|5b7d0c852b73d4e7c27dcdcd5c539a32|Daran lässt sich nichts mehr begradigen.
435|8903bc62bd7446f395d88dcc80da62d4|Diese Antwort war ungültig. Ich brauche eine Nummer
436|360c7e21acf589adb7a1f90dbf078561|schalte aus
437|5d77e63f38f741e746970b2b9280dc98|Wieso stellst du alles infrage?
438|766da404ecfedccf1888e2eaae390ee0|Sibirien ist ein Stadtteil von Elmshorn.
439|f8f18ab9520f8554677b368e1e51bdf1|Das Mauerwerk muss atmen können.
440|703d78215ed610a0e07c5a5646e3849f|Wie viele Milliliter entsprechen einem Esslöffel?
441|eb7ac24e662775db7f82de71940875cc|Karnickelfangschlag?
442|a3c8cfbdb186bbf15233ecdb8506eb83|Sie hatte sich nicht verabschiedet, aber ihren Gastgeber wecken wollte sie auch nicht.
443|92169fdd05554de71d06d0f2820981f2|Und wieder scheint die Sonne so dolle, dass ich leider den Rollo hinunterlassen muss.
444|dddf0261ef55c89eecd59bacb2e64ca4|Woher soll ich sie kennen?
445|d0d06aff453d4bc4d7250148c227c11c|Mit dem Geländewagen geht es durch unwegsames Gelände.
446|59acc7055a894b09ca6a98d55abc0e7f|Für mich wäre das ein Grund, zu wechseln.
447|40a855c9998a885774ef4f39c04f4565|Klaus-Peter verfolgt handfeste wirtschaftliche Interessen.
448|288f7542beb6993c32739c2bc25a840b|Hier ist die Liste aller Sponsoren des Kongresses.
449|4d78078328edfb2833302ec9e9d3c6db|Ich würde die Hähnchenschenkel gerne platzsparend verpacken.
450|eadcb657404abedd7dff98fcfded8570|Reiche Banker verschwenden all ihr Geld für Loks und Schuppen.
451|d7b281e6e6cfea847319afc871cbe5d1|Wer oft in Hotels übernachtet, sollte die Karten daher aufbewahren.
452|336f779c12f0f269f9d942064f5eb72b|Messer, Gabel, Schere, Licht dürfen kleine Kinder nicht.
453|764af377673970f2c8906ceb464bc408|Restaurant in der Nähe
454|771bf7a493d9a917cdf3f4251a91c008|Wie haben die mich gefunden?
455|c961952db529bdc7f387a6ba8f5b0305|In den Familien wird ja etwas weitergegeben wenn Familien sich für Kinder entscheiden; auch diese Entscheidung fällt nicht der Staat, sondern fällen die Familien.
456|d9824dc661c38786040a66cee3ced576|Sollen wir das noch einmal kochen?
457|e5181db537176d9da9e9dd66758d0fd0|Eine Division durch null muss abgefangen werden.
458|d19823c06d2593e6f95d03915370df9d|Woran das wohl liegt?
459|e8284ec4c23b661e7f4efe0144e16cc8|Obwohl sie selbst eigentlich genug Zeit hätte, stellt sich die Hausfrau eine Haushaltshilfe ein.
460|c7666e00233c7bc47b350639de321924|Können sie mir sagen, wir ihre Arbeitszeiten letzte Woche mit Beginn und Endzeiten waren?
461|c7ab2198d2eb7f7d3d3a0e99da8b8f83|Die Lavalampe findet hier keine Anwendung.
462|329f3530625d10c8a5ca6151d28ce01f|Man konnte die Rauchsäule aus zwanzig Kilometern Entfernung noch sehen.
463|1d857e59afbbc76877c526ff1cb054bc|Hören Sie, Sie kehren auf der Stelle um!
464|d4b0ee9d803b992e0c1017b12c662ffb|Gut gemacht.
465|2867619dd7a5f44743c2aa7925a40f75|Da muss man immer hinterher sein, sonst verstaubt es in der Schublade.
466|30ea744f3fa15af34a9e3ee69bb8f46d|Das wäre doch mal ein schönes Wochenendprojekt!
467|69d1ede1be6904ba8eb688996f6ce93c|Wie wäre es mit Wiesbaden?
468|52a8824c94441cc5281ead38d703f1c6|Andrea wechselte die Spur und dabei kam es zum Unfall mit dem Skoda.
469|0725670a71bfbaef3b3ae33409cc4f19|Dann wird die Suchfunktion nutzlos.
470|1e363aac178568f3272ff18ff6e6e819|Dank Neigetechnik kann der Zug schneller durch die Kurven fahren.
471|ebdc15d93378ff7bac3425b1c340305e|Eifersucht ist das wohl häufigste Mordmotiv.
472|b7ca30fb3dc29b17828b04b52b7470f4|Ich kann mir doch nicht alles aus den Fingern saugen.
473|33fa5d35f077e16a4b4340d83f581b10|Sozusagen alles unter einem Dach.
474|e10f3ae07c625b8b599f8d7b30842422|Damit ist der Fall endlich abgeschlossen.
475|0ba0a7721daae4430d4486a4aab7e773|Das schädigt unseren ohnehin schon ramponierten Ruf.
476|98432d544b410eea3729b3144505d7e2|Nass und kalt vertragen Kakteen halt nicht.
477|7d664d1da51323cd057489d750fa36a0|Endlich mal eine durchdachte Verpackung.
478|dd59841baf4df868e33a7a21c315603b|Du wurdest einfach zu spät geboren.
479|5b08029572563c83523bfa71239db109|Nun stellt euch nicht so an!
480|27ddc717bd45193844475632e5ba9704|Warum brauchen wir diese zusätzliche Hilfe für die neuen Bundesländer immer noch – wenn es doch spürbar in der letzten Zeit vorwärts gegangen ist?
481|274f0e8102c54d0411ea795d5ca643b4|Erst links, dann rechts und dann wieder links.
482|6a6113fa8745ab72ef3737e4a204ea04|Dann würde ich gerne mal Ihren Blutdruck messen.
483|5a756af5c50d1c491f0d737b95dcf153|Wenn wir einen kleineren einbauen, müssten Sie eventuell die Wand dahinter anpinseln.
484|fedd2a78e49fad7459e930a78287731f|Mit ihm ist nicht gut Kirschen essen.
485|17480d049b46ef39a9bcc6d26b08db6c|Hier werden wir in den nächsten Jahren den Rechtsanspruch auf einen Betreuungsplatz auch für unter Dreijährige – gemeinsam mit den Ländern – umsetzen.
486|69940b56b7f08b63518b0bd262620879|Muss das gehackt oder geraspelt werden?
487|cc5f92fe957fe85e2c8caba8fe6423c2|Schon wieder ist er Single.
488|43a20251ecfac225e31356e3138f16cd|Da blieb ihr Blick an einer Dose hängen, auf der eine Pfeife aufgemalt war.
489|45fc6858985b242c77394d6f0ac00a59|Schnurlostelefone kann man auch bei Gewitter gefahrlos verwenden.
490|cae292d2af9e6eb7a156df5e6e8fecdc|Der vorliegende Abschnitt soll einige wichtige metatheoretische Fragestellungen aus dem Blickwinkel der Aussagenlogik betrachten.
491|98bdc333ba98a5b019883a3a2daf5717|Wenn der Standby-Modus nicht mehr funktionieren würde, bekäme ich das relativ schnell mit.
492|e4c5ac5e306259b394054a5165159945|Im Urlaub soll man sich erholen.
493|34ff3c3cf9eda6379146f1469dead449|Die gesamte Telefonanlage im Haus ist dann tot.
494|7c847c4be79d35f6d439d9d006ade1f4|Ich bin der Gerichtsvollzieher.
495|75dfecd62470cc61a3299e3a3a7ae17a|Die Volljährigkeit wird von vielen Jugendlichen lange erwartet.
496|9475130098b24ec50e5dae6c09fc16a9|Ich zitiere!
497|d05aafbbe9486758856475d55f817e9d|Während der Auftragsflaute betrank er sich aus Langeweile mit seinen Kollegen.
498|e52ac9c7d669f47cd63868b5dc7f4157|Aufgeschreckte Tauben flatterten davon, als sie sich über die Kante zog.
499|2b36869e10f5ebd7e469b585e24c8179|Motoren erschöpfen nicht, können aber auch nicht trainiert werden.
500|b32b452328ec2bec85c81397146276d6|Die Art, wie die beiden wortlos miteinander kommunizieren, grenzt an Telepathie.
501|53737b40986e644de2c318e0a0ce4ea9|Dienstag,
502|2d246611b29466b60fae42a0e9fc29da|Kann man auch eigene Motive erstellen und sich aufs T-Shirt drucken lassen?
503|d6857ffdff9c6f7c0fb25e9408b9dc7d|Ob jemand der Beste aller Zeiten war, kann heute niemand sagen.
504|b6fbdabbebc1bd823109bc81e19461ae|Wie können die Fehler der Vergangenheit vermieden werden?
505|08c010e26b1b2cbb80933bf2c373028b|Ich gebe dir gleich Serotonin.
506|14f57fb35047b65401e2865c232fda80|Seine wissenschaftlichen Arbeiten beschäftigen sich mit dynamischen Systemen, Variationsrechnung, Optimierungsproblemen sowie mit mathematischen Wirtschaftswissenschaften.
507|412732d0924b743c9b8a4c12eb518625|Ein kleiner Junge ist ausgebüxt.
508|8863540e8c2d9c025fbc3cd07d51a641|Verfolgt ihr die aktuellen Diskussionen?
509|b59d3b263e2bddaea48524bb249d9b2c|Weitere Symptome sind Schwindelgefühle und Appetitlosigkeit.
510|b9746154eda2563bf51f772d2ee72739|Diese Musik wird dir helfen, besser auf dich selbst zu hören.
511|94e3f2bfb530c75e5f4ee72f016232e6|Der Anstieg ist marginal.
512|84a92d76b376902e1afecc12bf4d5ec2|Mercedes-Sterne sind ein zusätzliches Verletzungsrisiko für Fußgänger.
513|eb2bf6847d4191f2c26194e081750697|May reist heute erneut nach Brüssel
514|4b1fe4145427ac90f9690bf37ad59326|Phnom Penh wurde am Reißbrett entworfen.
515|7eff6b7fa792eb5245ebf165b8a5569f|Die Strömungsgeräusche sind jetzt deutlich wahrnehmbar.
516|58392acb43d0835648a3a4b3da033c4b|Die allermeisten Weihnachtspyramiden sind gar keine Pyramiden.
517|e5ef1877db62185827038732fed084fb|Aber wir in der Bundesregierung haben schon einige wichtige Entscheidungen getroffen, die die Vorbereitung auf den demografischen Wandel berücksichtigen.
518|be48cf8fc508f9d557ad9f840df49b97|Ich habe keine Vorhersage für Dienstag
519|e2e7435f5d147661dbb907f116b59c1d|Im Fachhandel finden Sie auch andere Ausführungen.
520|61d35d82efddc9edfac99e090ffb0472|pflaume,
521|4e7fcbca7cbc5f9f454122a966a80d5b|Als Ernährungsberater möchte man nicht für einen Hungerlohn arbeiten.
522|f40417e325ceaf3219f89143b8c52071|Mein Gewicht ist völlig in Ordnung, ich bin nur zehn Zentimeter zu klein.
523|90275a08aac54824f2d9a7263658d558|Wie konnte ich mich nur so täuschen?
524|b9aebed2a2abab2eb0ba1e5e643078aa|Kann Steckdose nicht dimmen. Es ist ausgeschaltet.
525|b85260f39b2d4779bd94fb9d1f89cdb9|Als erste vertrauensbildende Maßnahme schlage ich vor, dass Sie ihr Gewehr ablegen.
526|3d35cb1a1b1950609d4853977ee4bda0|Das öffentliche Singen des Textes war ihnen verboten worden.
527|3ef9c6814063f28dd0c8cadf479c059b|Die kleine Zahl wird gepikst und die große vom Krokodil gefressen.
528|6492881e429ed87666e1cbb2aca4d6b3|Jetzt werfe ich mit Bananen.
529|67fe73cf1f42688bb58b1eea67b827b3|die Lautstärke ist bereits auf Maximum
530|a7f2026b47d286b02b5a13cb459c9983|Ja, ich leihe mir auch ab und zu eine solche Anlage fürs Wochenende.
531|6842b392466ac674266d0e181d6d275c|In Tirol enthält gefühlt jedes zweite Brötchen Kümmel.
532|012cc908c30049b56b05d8fd4f2ccee0|Alle elf Minuten verliebt sich ein Single in ein Fake-Profil beim Online-Dating.
533|e7eafec22d1a4fb281e01c9d43350b10|Jetzt lieg ich hier ich armer Wicht und kenne kein romatisches Gedicht.
534|c223d09173cbacf8765b07d2179848f7|Dann hast du sein wahres Gesicht noch nicht gesehen.
535|fc77f085bc4d7b05fa64b56b422b0ead|Wieso brennen mir immer die Kartoffeln an?
536|79c0df7fcf791eae6c60200c221aa9f2|Sie formulierte eine Frage, die sich sicher viele Briten stellen.
537|87e74cc461fc4f384340b8d0e9eb94a7|Das erfordert eine gültige Karte und mindestens hundert Euro Bestechungsgeld.
538|7f55fd7a912d2c5e66655d662f5e4217|Zwei Drittel aller Zeugnisse mussten neu gedruckt werden, weil sie Fehler enthielten.
539|572c72f453225d0b455a0596db34a671|Und dann ist mir echt ein Stein vom Herzen gefallen.
540|c4636f07fd15ad4b0813bd6b45a2c5ef|Na ja, eher ein Urlaubsziel.
541|905c2f00ac7b57057cad6f8dc5ef0ec7|Noch ist es hell genug, um etwas zu lesen.
542|fb29457b22db317ff7f61dcb52b0ebf4|Schwund ist überall.
543|b3209b1f6c20c07d10e5e6c8353c2d8e|Automatisierung
544|356eaa1bec7cc79aebb4a41ba213a796|Bei solchen Fragen sind sich selbst Muttersprachler unsicher.
545|f87e2091f989d4cc50a04f654d5d8cca|Und jetzt tun wieder alle so betroffen.
546|b5b167b0f2bb699dca567f1876ca9844|Das Volk will den Krieg nicht.
547|698e569e40bcf85625aed5d6e04ed522|Ist Vorsatz auf Miniaturkörperbewegungen ausgerichtet?
548|ab38af32c0489bf4b578bfb8b3babce1|Rosinen sind getrocknete Weintrauben.
549|874a490ab508dd7fcde7b01f1248bc7d|Zwanzig Prozent der Studienplätze werden nach Numerus Clausus vergeben.
550|82cc516f10e621b3e80485ea8d6b7e3d|Da fängt der Russe an zu lachen.
551|5213830b94bf3afa6ce379c19c9eae83|Kennt ihr das literarische Quartett?
552|7a686a038473c3be71a041ce6aac145b|Dämmerung
553|4cab38f21ab4f63dc913bde9e977aade|Neidisch versammelten sich Kinder in vorsichtigem Abstand zur Truppe.
554|540444a47487bd7314b5b523bf92567e|Wir können sagen: Kinderlose Paare zahlen im Durchschnitt mehr Steuern, als das Paare mit Kindern tun, denn auch der Grundfreibetrag der Kinder ist von uns ja erhöht worden.
555|6c6bac514c4f50df7f7f03a2938f211c|Ändere Beleuchtung zu neunundreißig.
556|8453bbaabd220f26dea2b2c11315bcad|Wenn meine Großeltern auf sächsisch loslegen, versteht man kein Wort.
557|a3ae6f5c68f93d88dbdefab9dfee1bad|Die Erste links, die Zweite rechts und dann einfach durch die Mitte.
558|fe0e4091931b12c40f02b7618e55b6f3|Gut, in drei Jahren werden die Wähler meine Versprechen sowieso vergessen haben.
559|88c3979fdc5cb7d254e6f64a4d81bad0|Wem gehört das Werk eines Roboters?
560|40acf1bf405e28bf1fa1838b8154daa2|Kakadus hingegen gehören zur Familie der Papageien.
561|b5b43a80dbf7b6d1e8bb48987737dd02|Virologen haben noch nicht abschließend untersucht, ob Schlangenöl die Ausbreitung von Viren beeinflusst.
562|ba485aa4ba0fb76157d41c9d743d23dd|Der Typ ist nicht einmal demokratisch legitimiert!
563|109f85a25be7b8f3b18850f5214fba30|Pünktlich heißt nicht früh, sondern auf den Punkt genau.
564|33bdec815b52cec492030521f81c6630|Der andere Joghurt schmeckte fruchtiger.
565|ec9bf7cd5d7beab07237d0823566a15a|Mareike muss eine Hypothek aufnehmen.
566|f4bb446574feb8633acb5664566c220b|Mein Onkel war mal Gerüstbauer.
567|22d01150d2549b0a5f32b5eaff8c449c|So zum Beispiel am Flughafen von Kuala Lumpur.
568|fa9ee3e9d92512fba9243f24f1497bf7|An welche Nation denn?
569|7abac985dc6b01f1373d4e9d940e6905|Aus Erfahrung wusste sie natürlich, dass es passt.
570|be741c3914f3389eaf91aefa76554387|Es kann auch darum gehen, dass Betreiber und Erzeuger ihre Ansprüche gegeneinander optimieren und zu jedem Zeitpunkt auch ein Überblick über die jeweilige Lage da ist.
571|d62b97598e95114419367ae1dc1ce145|Mit achtzehn ist man volljährig aber noch lange nicht vernünftig oder gar erwachsen.
572|b579eb06d7d8953b2688e6fe13c5af46|Ich bedanke mich recht herzlich für Ihre Aufmerksamkeit.
573|8c16ef39db065a21be40a8c73a64d9af|Du bist nicht fair, deine Fairness lässt zu wünschen übrig.
574|96cc2b8000e1e99d03622f5b4921fd89|Wir treffen uns an der Straßenbahnhaltestelle vor der Synagoge.
575|8012659c9aaef96a6a7f9ee815f9abda|Das hat Polanski nie so gesagt.
576|53a3291213e2f00e6712f5d63f305f0e|Nämlich das Aussitzen des Skandals.
577|22e0c134ce3dab19dfccea209eac4808|Im Erdgeschoss zu wohnen, hat nicht nur Vorteile.
578|ca1f1786113d7218fa233bab3eb050bc|Ich glaube, das ist ganz wichtig, weil die Bürgerinnen und Bürger den Eindruck haben: Wir haben schon viel abgemacht, aber vieles von dem ist auch nicht durchgesetzt worden.
579|efd76347dffbb21bd710c14bce094422|Wie erklärt man das kindgerecht?
580|7f69125aa157a362934b063427fb52ed|Ein Blick über den eigenen Tellerrand hinaus würde sich lohnen.
581|ddf98db81c93687f179143674c342b39|rechts
582|e4c176a48ef6c1657e44697375b1d4ae|Dann hältst du bei einer roten Ampel also auch nicht an?
583|cda20756c9b0685c284d427ab2674f67|Wer will noch mehr Sätze Korrektur lesen?
584|2fe5a767039b22ad054cd127840288e8|Jetzt generiere du doch auch mal ein paar neue Sätze.
585|2f00abeb9017db109b679afa106fca0b|Endlich liest mal wieder eine Frau vor!
586|375ee26098b46e23bcb854331f0ad8c5|Ja
587|92c794922c62efd07fe5f425c892b451|Im Städtischen Anzeiger findet man auch nichts dazu.
588|d43f1019a8d7c5d3d1a577d36400bdf5|feuere
589|3f7f226835efbabb72f1fae71656d658|Ich bin zuversichtlich, dass er das wuppen wird.
590|352645c81e3d5af11880bbf62493fdda|Belastbare Studien dazu liegen noch nicht vor.
591|1a304b8914154b46bb4c3e77b9ed9ad9|Es ist fünf vor Zwölf.
592|6ce2925c6be92e204ee713f6ba47a5fe|Farbtemperatur
593|0504582c0afb93772f40ce4af37520eb|Realistische Grafik ist nicht alles.
594|e17de713ce696c7f209ced44bc1b9990|Ein klarer Fall von höherer Gewalt.
595|bde65ad596939aac2ffa75bf06fab13a|Außerdem hat China auch selber gemerkt, dass es für die eigenen Bevölkerung viel günstiger ist, wenn man sorgsam mit der Umwelt umgeht.
596|9aebecc0463262d9ba31c1267249dc8f|Warum nicht
597|13a7a3a33b96cf75e9a97809cecce47a|Der Edeka wurde ungewollt zum Schauplatz eines Flashmobs.
598|90d5bf12f50038e577134fe7310721ed|warum machst
599|150eaed5d7c4b54ad9cd251264055cd6|Zumal sich am Ende sowieso irgendwer verletzt fühlen würde.
600|fb371de6a3cd064038a80641f59944f1|Vielen Dank für den Hinweis.
601|12dd29ea724d2ce1f828f605fcc10b2e|Statt des Originals wurde ein furchtbares Cover aufgelegt.
602|b09d951db7e2af04f6a5a08b3c9bc467|In dem Sachgebiet G ist die Vollstreckung mit den Vollziehern von Bundesforderungen zusammengefasst.
603|e1fb303cade94b5d66fd3e0286c16a4a|Sie macht sich Vorwürfe.
604|7759e03d2cc0d0c4d3f79196aa3c53cc|Komm, wir ziehen dich gleich an.
605|de1ee998f80fcd32a822588ce89e6576|Wir machen das Pi mal Daumen.
606|864ac9ea086018882685583f6272f188|So zumindest habe ich es verstanden.
607|c049e5fb1d88d6f398d09b03b424bb45|All denen, die in diesem Jahr mit Sorgen und mit Trauer leben mussten, wünsche ich Trost und Kraft, um den Beginn des neuen Jahres mit neuer Zuversicht begehen zu können.
608|e50151e7728025893aef7a80252e91c2|Die australische Schönheit begann gerade durchzustarten.
609|da62e2c0a4c89add938174f4c6dd8641|Einmal ist keinmal, sagt meine Mutter.
610|ab4bcdfcd7815d7552223781578de560|Jeder fasst sich täglich dutzende Male mit der Hand ins Gesicht.
611|a6d5022186730947df1de506308b1109|Höchste Konzentration ist gefordert.
612|ebabe1bb374f2c43646cc9dfa1dfb8a9|Was die Vase anbelangt, machen Sie sich keine Sorgen.
613|0812229e6dff0464c5efd5e47eef44ee|V, wie Viktor
614|73d0f8f376e3d07552fd29d2d7ea9bd5|Angesichts der jüngsten Entwicklungen auf dem Immobilienmarkt wird er kleinere Brötchen backen müssen.
615|9e8157c7560068d5ae1b5459dae17141|Eine alternative Auktionsplattform mit vernünftigem Datenschutz wäre wünschenswert.
616|a4e4c085e977360591e0077962c17896|Das müssen Sie genauer ausführen.
617|4c9596acd45af0cfc5800a6c32f03c09|Heute muss man anerkennen, dass Karola ihrer Zeit einfach voraus war.
618|3111f2ebfdea0fa43487884641a16b46|Ansonsten ist es überflüssig wie ein Kropf.
619|cfb9137abaa878ab654e1cae1cd500d6|Wegen Bauarbeiten im Hörsaal muss die Physikvorlesung in den Hilbertraum verlegt werden.
620|8000aababc883cc7ae43cd8424e7703d|Langsam zuckeln die Touristen von Sehenswürdigkeit zu Sehenswürdigkeit.
621|6e054ac7a80336cb1d3f0b386db68f50|Denn es geht gerade um junge Künstlerinnen und Künstler, die noch kein finanzielles Polster haben, um sich mit Raubkopien auseinandersetzen zu können.
622|83718b755e43e51f706db58349ea55bd|Professoren und Studenten kennen sich sogar persönlich.
623|3ac37fdedcf9fa2a8f5ea782d12f0253|Damit sind sie aber nicht alleine.
624|b40a05424e9143d404f63eb53f950ba9|Karl Klammer soll bitte sofort verschwinden!
625|05d4601b8813a2942444f9db79edf54f|Der Straßenbauer war mit aufwendigen Pflasterarbeiten beschäftigt.
626|e5a354cbba5ca4da24b91aafaf4a81e9|An diesen fünf untrüglichen Anzeichen erkennen Sie einen Lügner.
627|78c7a6beb73ad34fb085697bc7f6e4d2|Alles, was ihr mitnehmt, müsst ihr auch selber tragen.
628|0adf0b8c1d828ea8a7cc90a486f3c3e0|Eine Aura von über vier Metern Ausdehnung ist beachtlich.
629|fb48de6f7b1cd0b31e3f695a512b5d14|Wir werden nichts unversucht lassen.
630|c3f9912408ad366ca26f338d3c5c819e|Der Schiedsrichter wird nach traditioneller Art ausgepfiffen.
631|0693840a8592a3253ef37cbc16e43877|Woher soll er denn heute noch wissen, was er gestern getan hat?
632|4a7f4f2e8bd48d9fd2e86fcdfa520f0b|Tatsächlich wird Sand ein immer knapperes Gut.
633|4532c160b4011993994b6d7b15bd50df|Den ausgetrockneten Sumpf konnte man problemlos zu Fuß durchqueren.
634|4166872ea9a5a2518f5b421fbfbb900b|Die neue Azubine schlägt sich ganz wacker.
635|7e9e07873b40be65078b82645db2bd56|Man kann nicht überprüfen, ob jemand etwas wirklich gelöscht hat.
636|580fa20cf4fcacd72e22e1e7bb65c627|Sauerteig ist meistens im Einzelhandel erhältlich.
637|b71588ff7785a87a27979ea0f2bdb23f|Jannick jagt jetzt Jessica Jüllich.
638|f5957e369a9d039cc0bb6c96de3e6e65|Erwartet mich bei dem Fest wieder so eine konservative Spießer-Gesellschaft?
639|964d0377f8ffecf7786257d80322cc02|So, wie es aussieht, will Frau Birkenhagen sie nicht einmal geschenkt.
640|32eb2e072f984c14a86e0141ab7c5951|Der Mensch denkt assoziativ, auch wenn er kreativ sein soll.
641|f1aa9e4cfa5bf7cd4c244e194dd17010|Das muss ich mir nicht auch noch ans Bein binden.
642|5c1fff2f0d5c9bc6dbe53e54d149a4e9|Das hast du bestimmt nur geträumt!
643|0cd9ef70e4ed26bc8a6b3268f4336948|Hinter dieser Wand befindet sich ein Hohlraum.
644|61782d47522f20480d719769dc92a9cb|Und deshalb haben auch gerade Bürgerinnen und Bürger aus den neuen Bundesländern ein ganz besonderes Interesse nachzuschauen: Wie war es denn wirklich?
645|450bfa9d0f631b85715f18127f18eccf|Hat die Schulung etwas gebracht?
646|1e26d55dc9402095a5d0856f8ff2d95c|Sollte man Moore trockenlegen?
647|56594fff60a8b63130e3f0b701db3d19|Julina kann sich nicht vorstellen, dass Löschpapier brennt.
648|1001ba6c862f13b75ba8d2d8f67124be|Ich werde Ihre Sorge aufnehmen und mich auch nochmal bei den Gesprächen in Kienbaum erkundigen, dass da auch nicht Dinge, die vielleicht entstehen könnten, nicht entstehen können.
649|0c18ae660d002202d45c1a7555bad772|Um zwölf Uhr ist die Fütterung der Delfine.
650|99692ca12b98af68254b924de3d079db|Bestätige: Möchtest du den Alarm wirklich abbrechen?
651|7d2e836516baf4230a2fb83957435b08|Konnte Grubengas nachgewiesen werden?
652|cf6d8d4a1168f06b77d4b962c08d8e25|Das kann auch passieren, ne?
653|cbdbdb72014d1074733ebb6e458c3eb8|Ergebnis
654|ddf47ccd766666a04c684fafda548f1f|Südosten
655|db85be3d2af000108f966b4ac5c2efed|donnerstags
656|3ac7558c6af9fb96eb9637de7247fbdf|Nicht immer ist die Trennung der Zuständigkeiten eindeutig.
657|27a77ab7b0d452bcc724dd6173f46c8d|Es lohnt sich nicht, sich darüber den Kopf zu zerbrechen.
658|0fe1bfaae5a05682dfd0b4f32124d383|Wahre Schnäppchen muss man mit der Lupe suchen.
659|6dc1eb0ff9901892e4875c536af5ec12|Sie hatten recht, die Auswahl ist in der Tat etwas reichhaltiger.
660|27a7145480cd626d689668210e5718c4|vergiß
661|6609babb553de7ad14f2d0d5c27c3245|Während der Probe zerbrach er mehrere Stäbe.
662|a3a1191448ec4ee09f943104aefbb1a9|Teures Essen gibt es überall, aber nicht zum besten Preis-Leistungsverhältnis!
663|b9b373b5c163ad50f214cf007fb6cee6|Kein Kommentar!
664|5d62120ed7244fb58aab7a38d09e193f|Ach, den Abfall verklappen wir einfach irgendwo im Niemandsland.
665|615f90c822d558643f62c41e58617629|Beim Memory hat Nathanael wie immer abgeräumt.
666|b0de549ab74630f3ed29e3e3f0b64da4|Warum schickt mir die Krankenkasse ungefragt Werbung?
667|93f933a5dc932bccba9d8ed6f634b10a|Weißt du wo mein Schlüssel ist?
668|1129543c672312829ad3c71cc1fd532a|Der Ritter zog sein Schwert aus der Scheide.
669|f893c5a227de5be3dd7d65abe368a845|Außerdem natürlich eine Metal-Version und einen Techno-Remix.
670|d12a14b231152422471badd17ebc9362|Mehr Wirtschaftswachstum geht meist auch mit mehr Ressourcenverbrauch einher.
671|51c5be2769a9808f0d549861ec65baf6|Code Switching ist genauso alltäglich wie faszinierend.
672|78b610f38021581bd839a81ad59689f0|Jeder kann die Sperren nach fünf Minuten Googlen umgehen.
673|d5a369dc9055df6d017c1a549758cf4f|Das Kratzen ist total unangenehm.
674|a26940b26f8419d8a09f071bfcb1f8f1|Einmal Anrufen reicht für gewöhnlich.
675|9df33c9687f722d4ede5cd0bc2a6a9fb|Kinder bekommen grundsätzlich alle eine Schwimmweste.
676|467f3a511219dea32f3f6f6770a6c258|Lass uns lieber gleich einen dedizierten Server aufsetzen.
677|81441c881d03b6f118c3b77a19fc4653|Trotz der unerfreulichen Ereignisse, möchte ich noch mal an das Positive erinnern.
678|734817c414cb5d33eb599131c9a2b85f|Kürzlich kaufte Karin Kircher krasse Klamotten.
679|d8dafbf013422a2c670df0da15b1642e|Der Akku ist sowieso schon hinüber.
680|54be4973b436d4a6850118ee4bd38043|Es gab kein Fernsehen, keinen Computer, ja, nicht mal ein Telefon!
681|3028a085b86b09670caa120bc9b4d87f|Nein, jetzt musst du warten.
682|0a10f13f44b96f3472767c33130c8a9d|Betrete Fehlersuche für Pandora
683|2317db2b066e200e158d9349866ffc00|Wie sieht die Deklaration aus?
684|bbe47ae92b9e65aa5b70ad3f816e68ec|Polewskoi entstand siebzehnhundertacht nach der Entdeckung einer Kupfererzlagerstätte, deren systematischer Abbau siebzehnhundertachtzehn begann.
685|e2b261b4c38d99170d8ef84406e843e9|Nach maximal drei Schritten muss der Ball abgegeben werden.
686|a5a2f59fd7c5a99d3db08fa972f28788|Achten Sie auf die Formation.
687|12cdc631f59a6d58e222430f640e8053|Herr, erbarme dich!
688|1d5cfc4db951ec2f8954b46d3aba478b|Wer den Pfennig nicht ehrt, ist des Talers nicht wert.
689|bb5a3ad9997431fce71b37c8756513e3|Macht ihr etwa schon schlapp?
690|b1c6218e6c1c4f872c8d792daebe4652|Die einzige rechtmäßige Besitzerin der Stute ist Sinja Strunk.
691|1e5851e1c86fcb411196f6ab1b01e489|Hat ein Stoppschild sechs oder acht Ecken?
692|2ef8c6ee913902795723aecfda8bf220|Man muss es nicht mögen, aber man sollte tolerieren, wenn andere es machen.
693|4a009c37026e60cba46d0d69da20b3e9|Du bist so ein Charmeur!
694|efccefd0a898d5908cd66bf80dc821d7|Etwa zwei Kilometer braucht sie, um warm zu werden.
695|c2ab6b3bc1eac6938c019cd55fb3dc54|Die Personaler wollen sehen, wie Sie unter Stress reagieren.
696|cb700c677c4622d6e39255d5637a730c|Dort spielt die Musik!
697|8fc62c842cd69c8c8ec70b0b1d1003ab|Wissen Sie überhaupt, was exponentiell heißt?
698|4b130467b0c1ea273f209511cdc04c68|Denen wenden wir uns jetzt zu, das heißt, wir setzen auf den anfänglichen Abbau von Bürokratie im Bereich der Informationspflichten jetzt ein umfassenderes Konzept.
699|afb66e2b11527939dff4dab5772d4298|Wer den ganzen Tag am Malochen ist, sollte sich wenigstens seine Miete leisten können.
700|cb6577da63f1b80a4dc2272647d48e9c|Wo ist sie denn?
701|a36b19c02f07c1625ecc6d04b01a1707|Zur Authentisierung stellen Sie sich bitte vor die Kinect und tanzen Sie Ihr Passwort.
702|649c52ce45528d94601b22aeec674d5b|Bäume, Pilze und Bazillen sind Waldbewohner, die in einer Symbiose leben.
703|67b2e5b18d2e903e6abf29bbfd811521|Vielleicht kannst du dir ein Stück bei ihm abzwacken.
704|34e997da77895df5abb73d6677a84041|Dazu muss man sich doch etwas Bedenkzeit nehmen!
705|fed956388279f61050c36126fdc99d98|Bad Schwartau ist stolz auf Bodo Wartke.
706|644ea6ad063b3cce3f8b2440a59dcf4e|Dort parkt bereits ein Geländewagen mit Camouflage.
707|11192a68c04e20a3469ab0d60270200a|Leider habe ich mein Mikrofon in Eichstätt liegen lassen.
708|38e7d5f6bd86a99871508fb9e9e5fd23|Uns wird nichts anderes übrig bleiben.
709|94968cf23be1dd5e1651ea2bd1dd2a51|Oder spricht etwas dagegen?
710|c02570e8fc8ad323d0bd7305f4258f7a|Man hat ohnehin die beste Ausrede, weshalb man nicht auf der Tanzfläche steht.
711|b4cd6686558c8b9272cd8c8a0ddbd7f7|Markieren Sie alle Fotos, auf denen Fußgängerüberwege zu sehen sind!
712|e0eaee8f197e4d8cd90ce94a6ec6a2cd|Der neue Flughafen hat sich als Fass ohne Boden erwiesen.
713|58b515fd114dbd753feb338e4956470c|Bis auf wenige Ausnahmen schreibt man Zahlen klein.
714|1fc1b7e0d4de5a548d528b0c470df529|Scrolle normal nach unten
715|277d3a0fbf83118e38dc7969777f01de|Wenn du es nicht erklären kannst, hast du es auch nicht richtig verstanden.
716|3f82a8c048a25a0232929cea78aafc5e|Dann lass es liegen.
717|7f74e0cf91f3bac93ac14d3925d9e777|Geht ihr zur Kommunion?
718|76c8947b71a01ca9d15ea99b59871ff8|setze benutzerdefinierte Augen
719|f363146393599a7f24d774c6b296afe4|Stagnierende Umsätze sind das Resultat.
720|ded59fd66f9453aedbeb590b27fb24a8|Gibt es bald einen Marktplatz für Zeitungsschnipsel?
721|4da4926500b707f73699eca5f0029313|Wirklich machen
722|f4409ef06b64f1c9bda5a99790a629b6|Momentan laufen sieben Timer. Welchen möchtest du abbrechen?
723|e9c9ede6a80ef2cfad504ed892b2a380|Vorbeigehende Spaziergänger hielten das große Teleskop für ein Kanonenrohr.
724|52b603c9a3642c5d3e2313deace0b89a|Wie kommt eine Stadt darauf, sich Darmstadt zu nennen?
725|c8e3e89973bd46c9973a4d69c8c0ad17|Dabei wird die Vakuumröhre zerbersten.
726|af2368a31e9f690e4bb4d5acf996dbc2|Ist das Weltall unendlich?
727|9cadac0ba189ce77a5161ee09b168bb1|Ach du grüne Neune!
728|297883b9e7d4851612e3b5aed7986402|In der Schule denkt man noch, wer ein abgeschlossenes Studium hat, muss intelligent sein.
729|200126150c74e9d92e4192a7ac9e43cd|Für Radler ist Heiligendamm eine Zumutung.
730|678d40f4de3798e03ceff0e5e0c39235|Bist du etwa gerade erst aufgestanden?
731|db58b72877a2280ff022f29f23d9b198|Zweitens wird es um Wirtschaft und Wachstum ge­ hen, das ist ganz natürlich, denn wir haben ja auch in Europa eine Vielzahl von Problemen, ge­ rade die hohe Jugendarbeitslosigkeit.
732|52ce8aa32c48b8e5e432ce94be48e07f|Lautstärke verringern
733|766529b387dccf8b7502eb58dd33e8c4|Die Gebirgskette zieht sich quer durchs Land.
734|21d504403a4648261113bd7103c6de52|Weg damit!
735|0b10ae95f6236c27c36eefcf1e3408d3|Es sieht nicht nur nach Bestechung aus, es ist Bestechung.
736|b265ff51ac2e688aee5a3d2b951d5e55|Bitte schön!
737|f8de0126841bb0196a2e2f075c22870e|Ich erwarte von Seiten der Wirtschaft, dass sie nicht einfach sagt: Wir brauchen jetzt nur ausländische Fachkräfte.
738|68cd42f1be7953fad1c27c73f97dbbd6|Zähle von acht rückwärts
739|2147857006d825d1e0ca51acb9c0fd5a|Sie drängelte sich einfach vor.
740|656428317e14c017538f666255f9dab7|Die NATO überlegt jetzt, ob sie sich in der Ausbildung im Irak mit engagiert, aber insgesamt halte ich solche regionalen Koalitionsbildungen für die bessere Antwort.
741|c1e058979d67475b362a491a3b9ec20d|Dieses ist ein nicht immer unumstrittenes Projekt, aber von außerordentlicher Wichtigkeit, wenn es darum geht, Menschen mit unserer Natur vertraut zu machen.
742|7d981ed0d49dbf1d79f9412776ade468|Dann nahm Herr Birnbaum das Zepter in die Hand.
743|553eac1f2f5ae42b451e7590c10b527f|Frühlingsgrün,
744|7066c17afdc0c979823b452cbbe54fff|Auf das Wetter natürlich auch.
745|bd694901ce38ed4ae867fb84cf283946|Halten Akkus im Kühlschrank länger?
746|83e71d83b2dcea23dcab3b64182494cc|neu
747|65d5d08e8043993a5d0f2a231ab60aaa|Den Spruch mit Mann, Frau, Fahrrad und Fisch checke ich nicht.
748|ad867e487ecbc18b270faab58931a8e1|In der Zeit kann ich mich dann schön betrinken.
749|776606b1e3657726a381a10962db20a2|Niesel
750|5679d735385fb21c731527c8abc1df5b|Auf einer Anhöhe nahe der Ruinen sammelte sich das Volk.
751|407088d8360b7fde070839afc9c151ac|Ich mag deinen Mantel.
752|4fdcb44e85734c0a0a1cf4a6ccaa70ff|Viele Staaten unterhalten aber inoffizielle Vertretungen in Taiwan.
753|e39871ad54fae61d433209a0e235a5d3|Ein bisschen.
754|4b6e92fda2be63580f73994f0db062da|Ich würde gerne den alten Trampelpfad kaufen.
755|56f003426e879b1dfdfebf16b8074929|marone,
756|8ca9029371d728ed285374e34d4b9a20|Ja ja, ich weiß. Ich sollte sie mal gießen.
757|67d696195a3012ef76caf6c8c3e0418a|Füll einfach den Bestellschein aus und schick ihn ab.
758|6694aaf72db2237eaad8e045e8354995|Die Einstellung der Leute muss sich ändern.
759|940825c3675cea08a8592bc84b04cbfd|Darum ging er zu Fuß dorthin.
760|72e3ef805e8b39b0fa1972091fbcfd86|Wegen der Sicherheit.
761|836a35db78c254f6200d4210f5f4113c|Gerhard ist bei Oskar.
762|708b02f58ba9f6076f23c5271d74eede|Beim Transport werden die Steine stundenlang durchgeschüttelt.
763|a918369c8201e470171e0e0fbdbc8596|Damit Behinderte in unserer Gesellschaft ihren Platz haben – einen gleichberechtigten Platz neben allen anderen Bürgerinnen und Bürger in unserer Gesellschaft.
764|769e2adae624ca24619b9ceb649f5d98|Der Abbrecher richtete den Blick deprimiert nach unten.
765|86bcf623ebe2b88f8cdea8bbea5be4a4|He, Sie haben mir nicht geantwortet!
766|d2206f10db9bdaebc55064dc09a8b3ce|An Christi Himmelfahrt ist Vatertag.
767|f8bde6ae417daedf9ceb448e0ae98f92|Dazu benötigen Sie kein Kochdiplom, das geht fast immer gut.
768|dc4da41dad080d29fa13648b949fa5d8|Mit olfaktorischer Wahrnehmung ist der Geruchssinn gemeint.
769|56db930eb6d988a9aa8cac3c097d9b24|Niemand will es gewesen sein.
770|65391ab7349e1e8dcd9e35d1f06c3e33|Das Zeug aus der Pfeife musste sie doch richtig umgehauen haben.
771|b7edf64144c2f67ee04b5ec12b0443bf|Ein bisschen, sie ist ein bisschen größer als ich.
772|9360ae7208eb35f5797f06b458173e1a|Vom äußeren Erscheinungsbild her sagt mir das Kloster sehr zu.
773|ba72c400a3278a7d978ee456cd3d390e|Daneben lebten auch pantheistische Weltanschauungen in kleineren Glaubensgemeinschaften und unter Einzelpersonen fort.
774|331246b70ac0e86979079ad26f4b5938|Doch dann wurden sie vertrieben.
775|8c81fe51fec84a40161ba90fddd15651|Rayen hat Paul voll auf die Nase geboxt.
776|32d1ef1027bf82e9f4133bf661638c69|Sie stand auf der Empore und mampfte ein Brötchen.
777|0bb8aae6c5509ea3f38dc199b12f95a4|Weshalb sonst würde er ihr den Hof machen?
778|90c8a095acc3c3a8074ae99c7a4ba08b|Wer soll sich das leisten können?
779|a5efab5366d7deb63c30c2ee321c2d1e|Auch die Motive sind immer dieselben.
780|adf1c79cbc9b39767a1c96c440422308|Die Zeiger gehen richtig, aber das Ziffernblatt ist verrutscht.
781|01c0903fd85db071ce9a8ec0aa58486a|Denn wir sehen: In den neuen Bundesländern gibt es noch nicht so viele Forschungseinrichtungen in den Unternehmen, weil der Firmensitz oft in den alten Bundesländern ist.
782|640f99f27784b4cf975b869468fd5172|Die ein- bis dreifach dreiteilig gefiederten Blattspreiten bestehen aus gelappten bis geteilten Fiederblättchen.
783|b42b0e8c6f1a5dedc9361efacc8fd5f5|Wie oft darf man die Identifikationsnummer falsch eingeben?
784|47285b05a2945b68c94537aa3cfadd00|Es hatte mit dem Grubenunglück in Vorarlberg zu tun.
785|825394ccd85a830aa64f48a2cd57cda1|Voraussichtliches Haltbarkeitsdatum einhalten.
786|ac0a61e310cdddc39b3d91c63e339fe7|Du bist nichts, dein Verstand ist alles!
787|6a1b51f0aa54f4b966c0ab229a14aa59|freigegebener Test
788|a5f52d09ef20af04ddd15d0cf63c282c|Die Charaktere sind abwechslungsreich und glaubhaft. Es tut fast weh, ihnen zuzusehen.
789|6f108cc38551b4a1709f35a1167e5d45|Die Krönung ist dieser Dolch mit ausfahrbarer Klinge.
790|98e2f86493d836a96b73cd706e06f8ab|Die haben uns abgezockt!
791|99277cb2e56c949d0764e28748fcc82e|Alles müsste komplett überarbeitet werden.
792|4dd47f52f05e02236be9c83e3fe65d18|Hat dich jemand nach der Sichel gefragt?
793|e9122cfd3849255209f0276abb1f6330|Bei einer Gegenüberstellung konnte das Opfer niemanden identifizieren.
794|2ff42e4545cc6af9fd6a6341d6d8635a|Schick deine Personenschützer mal zum Herrenausstatter.
795|1ac082ddbbf6f8089a11102a25d31bcb|Welche Skills kann ich installieren?
796|394a844cc3d6d99eb45b4e71afde2c99|Station
797|d27a2cdcc7000020dc0104a0f05cd74c|So Jungs, gleich geht's weiter!
798|f3e9b5cbb5bfb05906a402de29d7ee6f|Samstag
799|ef7e9a64f2ae79c989ad125163c110fc|aliceblau
800|0db2cc1f693f6a59a163b6e64767da72|Ich habe, fünfundfünfzig gewählt
801|4a96eb1cf7a78a0409bd1379277706f9|Texte in vereinfachter Sprache klingen oft seltsam bis inhaltslos.
802|3dd72ecc4bf28afc3a703435e00d95ba|Mir fällt nichts besseres ein.
803|9f60af8442e47f2d5547c571d03cd241|Klebt der Teig oder ist er schön luftig und dehnbar?
804|47c8731a2a00808722ddb120b35d5a79|Durch jede Zwischenstation verzögert sich die Reaktion weiter.
805|b737b523ab605cf11f32dedb55c285d1|Bin ich ein Mensch?
806|17fcff19b3c15b18a5a32f266bdf727d|Was für ein Beat ist das denn?
807|f984cf7a32c5db52d6ed1cb7ac1c7055|Wenn man die Steine richtig wirft, prallen sie mehrmals an der Wasseroberfläche ab.
808|b409ba6ef4ccba2343d64ca9dd36c158|Aktualisiere Openhab Elemente
809|917b0599bfda65d1c5777ba0194907a9|Nach dem Login kommt immer eine Fehlermeldung.
810|2601777e184e73241e90525e77e752ad|Nicht wenn man der Polizeistatistik Glauben schenkt.
811|d27538d34a41eaa0597e753638b5d296|Zu allem Überfluss beginnt er dann auch noch, die Taten zu bagatellisieren.
812|c7c110c6a5bcbc6145494cecbf9bd0ba|Das wichtigste Mittel im Umgang mit Menschen ist Desinfektionsmittel.
813|79055cb5560ee6072beb758b2d001ceb|Auch wenn es ruppig aussieht, herrscht eigentlich ein liebevoller Umgang miteinander.
814|f1d36b152053ce362aa3e5ab1a16fffd|wechsle Aktivität
815|d7900251dd12fe11066ac47598927faf|Qualität hat ihren Preis.
816|3340ea6dadabb67ab38577d9e227e789|Alle Sprachkurse sind ausgebucht.
817|591b001344946a1db75ac89d1343ba2f|Eine gewisse Sozialhygiene schadet niemandem.
818|5bb3176354876f7a16b4f1386b49ba7c|Schluss mit lustig!
819|445e33564c4ce5aee826df492ac1cffb|Einzig und allein Taten zählen.
820|94285d066b68d032d2b82d6cf839cf2b|Du liest vor, als ob jeder Satz eine Frage wäre.
821|7fa059fdc2cc2df858232c6031266708|Und darum folgt die Quittung nun auf dem Fuße.
822|7ad811da68872b9a4208c0a0f14090b8|Ironischerweise wäre der resultierende Konflikt für viele tödlich.
823|5fd7f7e53f5e3d0696f0aede5b48fd46|Vielleicht ist Nikolas nicht der Heilsbringer, für den Sarah ihn gehalten hat.
824|05fdbcecaa85425f30cc21a46d84dee0|Macht euch auf etwas gefasst!
825|918466568ceb752359edbbab24ce2afb|Mehrere Möglichkeiten, drei an der Zahl, stehen zur Auswahl.
826|6fdd7a81eb8a883613ebe6bd1731adea|Zunächst wurden die Neulinge eher skeptisch betrachtet.
827|bfd0754f9d9bcc0d56bfa060f161c92b|Ich verstehe das nicht.
828|a00f89c80dbdf42d425482846619f2f3|Totgesagte leben länger.
829|c5d28557ac6505ea5298f6921c794c99|Beziehen sie Leistungen von Staat?
830|c3e7f331db06beedbe51cf0a8f8aa631|Um Ihre Geldkarte sperren zu lassen, wählen Sie zweimal die Hundertsechzehn.
831|f76096bb282743db4721c70556a1d29c|Überall auf dem Rücken hat sie Brandblasen.
832|24ffff1dea9fa46442a839f7dfbbef9d|Das Epizentrum befindet sich an der Westküste Indonesiens.
833|73452b0eeb96f812c9e6cae4daa73abf|Man kann jeden Euro nur einmal ausgeben.
834|011b1aa389a6db491cc091f17620f640|Bitte wählen Sie nur eine Farbe aus.
835|caff497acce573ce3b4c085dae934a90|Kann man da einfach so rein?
836|75616a74c92fc45b4ce7d092d520a8f0|Alles, was nicht niet- und nagelfest ist, wird mitgenommen.
837|b8b8c7f647d1620bac1002201f8bc736|Jannis hat sich nun ein frisurschonendes Headset zugelegt.
838|c1fdb3916ffb0f81d3624aeb85e69020|Materieller Reichtum hängt kaum mit empfundenem Glück zusammen.
839|2ff2804d074311a9f0536f00c701857a|Man nehme Salz und Pfeffer und würze gut nach.
840|e9b91e1b0f0a83335bdc26f051c4fd80|So wäre das in einem gesunden Wirtschaftssystem.
841|5642b1fecc23ea1617b4ca10a4aa029b|Sind die echt?
842|da70a471c14ed1425020f1d2d736fc4f|Deine Ausreden will ich gar nicht hören.
843|e07cfac16f0d1bfead1ded99cd98e269|Wir wünschen uns doch alle ein friedvolles Miteinander.
844|287d92c6b1231765b979c964cc74e5cd|Die Ladezeiten werden mit Videos überbrückt.
845|0824c2f7e69b354fc8368197fec85afc|Ich hab ein Veilchen gesehen, das in der Ritze einer Ziegelmauer wuchs und blühte.
846|a11338e9503e124c07ef6166fd317c33|Viele der Demonstranten machten deutlich, dass sie strikt gegen Gewalt sind.
847|b5457eabb114d0aa7d1e94eaa2871382|Ohne Martinshorn käme der Krankenwagen schneller durch.
848|b77e639a8de3d93865333a09b2fd5447|Was sagt uns das?
849|f1eac4032790865f57e98fa5894983f1|Dann müsst ihr euch einen anderen suchen.
850|44f1e501e94b0cec356c6665fd9ab938|Minecraft Chat
851|ade957e7dbe1b0a497451273998ff513|Von nun an steckt Frau Leifert in einem Zwiespalt.
852|e674bd1a48a493d23931dc9ed6a3f02a|Dort, wo das Wasser flacher wird, brechen sich die Wellen.
853|529c97d332644d2bcf8a2714c0d9b23d|Er habe zwar nun dies Geschehen nicht selbst vor Ort mitangesehen.
854|c0c13c837a93ac0ef623c6a16bd36a48|Da ist doch überhaupt nichts dabei!
855|7e442b6430f187f229c7990a3297a45c|Deswegen hat die Wohnungsgesellschaft nun Rattenköder ausgelegt.
856|9cef82385f9e387ba3f99798b7b85b45|Geh schlafen
857|be27ecef0ad1e7b5b415e6e288463377|Dazu gehört für mich vor allem das Gesetz zur Förderung der Gebäudesanierung, das heißt: zur energetischen Sanierung von Häusern.
858|3e6fc66de74005adf3efb73483d695d2|Stichwort interaktives Fernsehen.
859|201cbbd1f17c8b60630a7fff5720a45e|Fett ist zäher als Öl.
860|d3964e4ce0f000875f5ad98fb640a7a3|Vor uns fuhr ein Streifenwagen, der uns mittels Kelle dazu aufforderte, anzuhalten.
861|2f44055f18fb8a5b1fc6edd1969104c9|Dann lasst uns doch eine Sammelbestellung für die ganze Klasse machen!
862|ec28a676b2d84be3fa537d0a15526eb8|In der Wissenschaft ist man bei P H wie in Photon und Photosynthese geblieben.
863|af4eaf69ad3ab393584c1d99fd13fe78|Er erpresst Schutzgeld von zig Leuten und hat dabei nicht mal ein schlechtes Gewissen.
864|e81a118f21bc668abb144b2a017903e8|So ein verlogener Verein!
865|5390767dc0ea664c028627ef61579dcb|Wenn du sie hackst, kämpfen sie für deine Seite.
866|9f6514ce50c36e4eb1205d537019529e|Vorsicht, der Bon kann ausbleichen!
867|e9a57a18b0a64869820ef0b30f1cb9cb|Eierkartons gehören ins Altpapier.
868|71347680bca88b6004e0ed8fdf139f0a|Soeben ist der Herr Direktor mit seiner Gemahlin eingetroffen.
869|a25b2dff7d13c650e6c7e6bfb3bba5a3|Houston
870|a6fbc978b117908d3d5670e3c95d50d3|Ist das sonst noch jemandem aufgefallen?
871|d3fceebaadb9bd3d395c0d8d73b418ed|Ich nehme ein Bier und das Tagesgericht.
872|ff15bb7e7cd3f5aaf85d65496c9916fa|In Sekundenschnelle legte Neumann seine Ausrüstung an.
873|779ee9e5d2604bf828b29d5a81f4ab71|Es muß noch viel mehr gearbeitet werden.
874|3de0722b9dc56f40e8e3b3fa63b89cdc|Es entsteht eine unangenehme Stille.
875|e37e3a887041e2583c806b1b9e80ca6f|Mir reicht's. Ich reiche die Scheidung ein!
876|ad42f36abded1e7f7a8f7287fbde19f7|Quält Sie auch die Sehnsucht?
877|6fc501b9b65d7f40fd222916d0e257cf|Ronja wird ihn wohl kaum verschonen.
878|ce1a182c81c361e55ab72efcf3d3403b|Ein Schiff aus Afrika bringt hunderte Tonnen neues Streusalz.
879|07daa8f93e3a2fa44c5f99e86c14fdb8|Wann sind Nudeln al dente?
880|068f70dd9b4d0ce2eca11d2c80c30a9a|Der Erzähler machte eine Kunstpause.
881|44d05b66b2dc761c9c7bc5f881d55c0a|Die Folgen sind verheerend.
882|70146c8487568c1989d1e35ad62853f4|Das Vier-Augen-Prinzip soll Missbrauch verhindern.
883|3cfa8ea037d0757b6d9469a03944bccc|Nimm doch mal das Handtuch aus dem Mund.
884|115d64601b4664579ada205b8ebca604|Doch wie kam es zu dem Fiasko?
885|f5edb5367e9217e476052fac0f95b6b6|Sie demotivieren meine Mitarbeiter!
886|4f632fae2acffd7684609e7d3d820eb7|Die beiden werden bestimmt schwer.
887|707dd8f1ef8933aebb52e11bc9ff68d1|Es gehört als festes Ritual einfach dazu.
888|72c3b6f52c14d04fb73dd24514e7594a|Deshalb erkennt man sie an aufwendigen Kühlkörpern.
889|650f91a6801a54d94c8a47996f6d74b8|Maybrit Schirmer kam mit einem verpixelten Gesicht auf die Welt.
890|a611b99d5163cfcf8f91c76e892c0c6c|Hier hat sich ein Fehler eingeschlichen.
891|c497e5f39e6fdb0659d0a900d916c077|Auf dieser Strecke gibt es immer Stau.
892|49c38cbc9f4aedc984e30cf10099d738|Mit Geringschätzung blickte der Adel auf das Proletariat herab.
893|bb6c7f0eac4bb09beaa5a7d710f932a0|stoppe Monitor
894|764ee247202f7233fddbb0d8b46ce952|Setze Märchen fort
895|01f384391e18f71e6dd9ae4c07d5f87f|Hast du neben der Duschkabine geduscht oder warum ist der Boden so nass?
896|0ce1e9fbc5773c5f97bd490c0bc076b4|Eine leistungsfähige Antenne fürs Fernsehen lässt sich relativ einfach selbst bauen.
897|84bd2bc1ce9d10d2e14cae1af19a80a0|Was er wohl denkt, was hier drinnen abgeht?
898|5961dd91556129e677685c881a120874|Siehst du die Zielscheibe dort?
899|a85724153de3338e4b3ea015f3841e39|Wann das passieren wird, steht leider in den Sternen.
900|d0d441fea97e0606ce9827bf525907dc|Aus der Kontrollgruppe klagte niemand über Sodbrennen.
901|529087dd8eede61d75f55380e5f3fc0b|Ich würde gerne mal mit Gott über die Welt sprechen.
902|3ebb945501cf5d1a673edc36f9bad19a|Zwei Komma fünf vier Zentimeter entsprechen einem Inch.
903|2d7a598cf94c3a49b196e9f3881e0dd0|Alte Leute gleichen ihr Verhalten wieder an das von Kindern an.
904|4545387b9ad12e4640fb563c4712e88c|Doch gegen dieses Ungeheuer war er machtlos.
905|698290607f662b1ff04ea754b76cde63|Es war das beherrschende Thema in den Lokalnachrichten.
906|470bdb586434d2139a2dd46e10a45585|suche Datei
907|d1c468da3dd18773071789ae02f8b6ba|Damit schießt sie sich selbst ins Knie.
908|f06a5204be2dd240685d4f01f6606043|Christie Brinkley arbeitete dort an ihrem Modelbuch.
909|256bed22b0b11a7443ff9034e5a2702b|Heutzutage kommen auch noch Tippfehler dazu.
910|f918d834aeb1822fa257169d3c29ad46|Dann würde man die Kugeln wieder leer pumpen.
911|87a7d791735ec40195695927ede4eff0|Jetzt müsste Ihnen eigentlich der Mund offen stehen bleiben.
912|466e3e65ed8dd61cc9873a7eec12c75a|Fahren Sie den Wagen mal auf die Hebebühne!
913|e19f607985a53b929d45fc81c149b7e3|Im deutschen Sprachraum hat sich bisher keine genauere Definition des Forschungsgegenstandes durchgesetzt.
914|0d545e57ac9ffd3c29ec27d5ae8d21ce|Die Arme!
915|809442a52267b6aeb6af3e6511ad832c|Genau wie die Äffchen in Thailand.
916|49ecd67c9af22315312c2976ce857bb8|Mango, Ananas oder Papaya wachsen nicht in Deutschland.
917|93a76bb246ce3aa89d1f3991b0ef4f64|Damit will man den Kreislauf solange in Gang halten, bis der Notdienst eintrifft.
918|6de88bcd434bf262f60182b9103d34cb|Halleluja!
919|d7b2ea6d35be1da666e90bed4cd257dd|Dazu ist es jedoch völlig ungeeignet.
920|7922f53440687065429976c6159953aa|Welches dieser drei Szenarien beschreibt Ihre Situation am besten?
921|5e24457d3da0afe403feb651eb4e388f|Die Portierung auf die Playstation entpuppte sich als echter Renner.
922|67b482be851110873dfda63b1f61b684|Sternschritte zählen natürlich nicht als Schritte.
923|78f0ca97e23caedcea0ad19de16e28fe|Kannst du die Farbcodes der Widerstände entschlüsseln?
924|6fca7c72403e7307c6cf74b910c5a453|Bist du bereit für die nächste Runde?
925|8a9e622521fdd72812961b81d0172627|Ich fürchte sie ist weggelaufen. Schon wieder?
926|ab94e40c4c32966874960847c8dd6d01|Noch mal kurz etwas zu den Begrifflichkeiten.
927|a5f7736210f7a261996ab4dccbb7036a|Redet mir doch nicht immer dazwischen!
928|75262bd19b6c1ae6c5bfdf5becf8a4c1|Kommt, wir schießen auf ein Pulverfass!
929|037d09c7b7a5072ad3a99656edc10236|dunkles grau
930|e0c410971501fb5d9cb81759400e7757|Der furchtlose Junge wollte mit seinem Vater auf die Drehleiter.
931|8f659f1e8cb17d73661267f3f9e05f15|Eileen Fricke meint, die Züchtung wird ein Selbstläufer.
932|00a823dbdce8df6f8c2281a381c735f7|Bei der Füllung und den Beilagen kann man variieren.
933|1183a82b536df61a8d6e18c491f6e13f|Einen Finger hat er auf der Umschalttaste und einen anderen suchend über der Tastatur.
934|a45f79c0c052bd8b667ab8f281f4fbd9|Schnellzüge sollten mit moderner Technik statt mit Kunst ausgestattet werden.
935|0c4b8ce238274336f3b4666e2a9eacd1|Die Fähre startet von Dagebüll und fährt über Föhr nach Amrum.
936|a7878e8e196c6f1b011d4187f3763cd3|Herr Brehme, das Anliegen ist von höchster Priorität.
937|11c150452d301e623aa89f1dfc8c0703|aktualisiere Open Hab Elemente
938|bce736af4bf56610f379a9f60ea4e6b7|Das Teil ist ja auch komplett durchgebogen.
939|29acbfd561091358647fc73664f0b6e2|Aber die eigentliche Party steigt woanders.
940|af50046a11977cbc57abd389895d283f|Ein Mann in Latzhose trägt weitere Ausrüstung zum Mannschaftswagen.
941|0bce96d910198aa61012ba88bba3f3f0|Dombauer sitzt schon länger im Kongress und gilt als Hardliner.
942|954d3da891d5ecaed7e7e0082eec9c8b|Es gibt immer einen Ausweg.
943|8f33b2531e716cdfd01224a09f0b9f07|Wie laufen die Verhandlungen?
944|34a07ad2805f61ba0d0d9973020683a2|Auch die Verarbeitung hinterlässt einen guten Eindruck.
945|c106841a749041ac287d121fe46f7c0c|Ich bin nicht bereit, mich unterzuordnen.
946|985893dc64e99f722a0469dcef8430fe|Sprich mir nach!
947|5cf0466c08f2fd95b9a72cf7817665a1|Des einen Freud ist des anderen Leid.
948|6a2be40703e80e90bc070f5d355317c0|Dürfen wir hier einen Film drehen?
949|e46cb93c9d281e836d8e2cb18d713d18|Kaum jemand lernt schwimmen, wenn man ihn ins kalte Wasser stößt.
950|d7f9ffb3da45204a44fa7d26e498c85e|Natürlich hat Merlin seine Karte sofort sperren lassen.
951|39af36309d260c9a42cd1f5e974e206c|Am Schweizer Forschungsinstitut wurde das World Wide Web erfunden, nicht jedoch das Internet.
952|6bba4a9fa7c87ff7e35ab5bd4a50e0ba|Nicht die Flammen, sondern die Glut sind das Heißeste am Feuer.
953|36306c19bdd6141f08afc2e2339d023a|Bei der Bundeszentrale für politische Bildung kann sich jeder das Grundgesetz kostenlos bestellen.
954|4d97fbacd635adaaec686aa3f4d24196|Seitdem war die Brieftaube spurlos verschwunden.
955|4f2b4cc2230326f5713971cd1b0be856|Aber ich freue mich trotzdem, ein paar Tage auch fern von Berlin zu haben, mich etwas mehr zu bewegen, als das im Büro der Fall ist, und dann auch an der frischen Luft zu sein.
956|34a4f7e2369116eb21fc60b6949b9075|Man kann nicht zweimal für dasselbe Verbrechen verurteilt werden.
957|bd5069a7a7492b879e1d40c4f3474bd2|Einfach immer der Hauptstraße folgen.
958|ca0f7e2caeb08ab4dec9d32788654e2f|Der ist sauber.
959|a2901a5f31d9c09a25d3fdb59d70adea|Ein Schauder lief ihr kalt den Rücken runter.
960|5ab2f53498494c9030c20bb63c065c0e|Aber das war es dann auch schon wieder.
961|d4e1ede91eff3e1212222a5a1be253d3|Man darf die Hoffnung nicht aufgeben.
962|6fc87b5b93db1e0b634492e3ac8ae468|Weiß Rafael von dem Geheimnis?
963|e52e42b85f9aced6bcca72c484b196f3|Das ist mir immer noch lieber, als wenn Petersen sich daran versucht.
964|4356f3629a72431ad699f43e2d1b7597|Wenn du mit meiner Generation sprichst, sprich laut, deutlich und wiederhole alles.
965|220ca1f74edc979474b6d86068f656d3|Die Oberklasse ist von Spurhalteassistent bis Einparkautomatik mit allem Pipapo ausgestattet.
966|f76974abe10e0f22eb4a2d104361c3df|Um Gottes Willen!
967|81cb9237e36b7968426e462ea4da192a|Bei der Tipperei fängt doch gleich wieder meine Schulter an weh zu tun.
968|db28ba9b117f25b3cdea9dfdef1eb02d|Gina hat nun endlich ihr Latinum.
969|9021e52bfd11b42c9f1d06a11532ea7a|Hier kann man nicht mal Parkour laufen, ohne dass jemand die Polizei ruft.
970|d16b693893bdf19fb751fa522d918d7b|Was tut man, wenn jemand tödlich verunglückt?
971|47f33520ebf7a73ea6844367d67a3373|Es wurde verdammt noch mal Zeit, dass jemand diesen Missstand aufdeckt.
972|0b06250f846cc8da0ab69f879b5b6797|Mitglieder sind neben Datenschutzbehörden auch Regierungsstellen, Vertreter internationaler Organisationen sowie Wissenschaftler aus aller Welt.
973|913d4cbf22cb810b7dc09a774bf24bcb|Hilf mir bei
974|8e4ff1d558e0c62c2b799f0096682b82|Dort ohne Sicherung heraufzuklettern, ist schon nicht ohne.
975|337b6881b9c5092913c96ceb74535aa9|rufe Test auf
976|6cd1e736cf15593d39dcdbb232f992e5|Ich bin für das Verursacherprinzip.
977|d1325ef3120b2f455eb55274897fe8e9|Fahr vorsichtig!
978|c79c5da3b7a677bfdeebb4cc42d2094c|Junge und alte Menschen wohnen gemeinsam in einer Wohngemeinschaft.
979|6b397376ccdefa24c9f4ddf3ef82d28d|Das ist Amtsanmaßung!
980|f56681d8b394fb87334ff710adf32d7d|Professor Steiner hat mich voll in die Irre geführt.
981|49385c37243367320579fd048ee59839|Nicht so lasch!
982|6b8b8f8863980796af2849f5be707d6e|Ja, das war von Revell, zum selbst zusammenbauen.
983|82d3ff80853f9e655b2c89a443c844fd|Synapsen verbinden die Neuronen untereinander.
984|438bc3a3541889762c0f43ec63d61b7e|Dem aufmerksamen Leser dürfte das bereits aufgefallen sein.
985|d7f538812666b18d5775c90e6da1c7d7|Ich möchte nicht, dass das Display immer mitrotiert.
986|7e00182b2037e571a9aaf20a51ad5d88|Sicherlich war der Sprengmeister jederzeit Herr der Lage.
987|195ceb121cc386595d883491b0679a3a|Anette ist mit Bernd verheiratet.
988|7f1e1d83280a296bc278865676e76665|Probier mal von dem Sanddornlikör!
989|eabf18fb064d51474d4da7e79915d1c4|Das reimt sich ja.
990|3af2d0a71be14807283480ec26433c49|wovon Schätzungen zufolge fünfzehn Prozent Kurden waren.
991|33e649d1f438ac14a0f176a15735dff9|Ich lehne ihn sogar ab.
992|6ac2af6d1e1c841b1b49db4c36dec694|Die Anrainerinnen ärgern sich über die Schotterfuhren.
993|5c91c1a492b8662906febd3c99caa6e1|In schwarzem Tee ist die Konzentration vergleichsweise hoch.
994|2fa89b06cf4196b88fa29a8a0fdc62ee|Meldet euch freiwillig!
995|bf9febf36f969c8889e099d4a7e49320|Die Vorstellung, dass nach einer Knochenmarkspende jemand genetisch identischen Blut hat, lässt sie erschaudern.
996|bea983b37e65f3f93349441cc48ea926|Frankfurt am Main sollte man offiziell in Bankfurt umbenennen.
997|5d5a8f0a60a0c21353128526cddf8380|Was schreibst du auf dein Banner?
998|2aeb5da2dd2d5749916b0b1e37414c09|Annika hat einen Karpfen am Haken.
999|df45fd33df9f0f19278ed844bc0cdde8|Mithilfe von maschinellem Lernen werden wir eines Tages die Sprachen der Tiere übersetzen können.
